date,protocol,tvl_usd
2022-03-14,aave-v3,6
2022-03-15,aave-v3,7
2022-03-16,aave-v3,11
2022-03-17,aave-v3,7676242
2022-03-18,aave-v3,14138880
2022-03-19,aave-v3,17219607
2022-03-20,aave-v3,17909752
2022-03-21,aave-v3,18020965
2022-03-22,aave-v3,19296208
2022-03-23,aave-v3,21754188
2022-03-24,aave-v3,23964493
2022-03-25,aave-v3,26337393
2022-03-26,aave-v3,28746770
2022-03-27,aave-v3,29063880
2022-03-28,aave-v3,32111436
2022-03-29,aave-v3,34634459
2022-03-30,aave-v3,37297082
2022-03-31,aave-v3,39611911
2022-04-01,aave-v3,41797769
2022-04-02,aave-v3,46669912
2022-04-03,aave-v3,47690486
2022-04-04,aave-v3,50105080
2022-04-05,aave-v3,49905416
2022-04-06,aave-v3,49376591
2022-04-07,aave-v3,46724365
2022-04-08,aave-v3,50543850
2022-04-09,aave-v3,49940781
2022-04-10,aave-v3,54818930
2022-04-11,aave-v3,56444280
2022-04-12,aave-v3,53341545
2022-04-13,aave-v3,56051307
2022-04-14,aave-v3,58394763
2022-04-15,aave-v3,59977194
2022-04-16,aave-v3,62027990
2022-04-17,aave-v3,62819048
2022-04-18,aave-v3,64092500
2022-04-19,aave-v3,67035233
2022-04-20,aave-v3,121437458
2022-04-21,aave-v3,1060658871
2022-04-22,aave-v3,1196011958
2022-04-23,aave-v3,1264089369
2022-04-24,aave-v3,1300123102
2022-04-25,aave-v3,1340514088
2022-04-26,aave-v3,1446805874
2022-04-27,aave-v3,1385260787
2022-04-28,aave-v3,1394171026
2022-04-29,aave-v3,1392395848
2022-04-30,aave-v3,1396680374
2022-05-01,aave-v3,1366877860
2022-05-02,aave-v3,1409368739
2022-05-03,aave-v3,1420048293
2022-05-04,aave-v3,1410996441
2022-05-05,aave-v3,1480276885
2022-05-06,aave-v3,1412819267
2022-05-07,aave-v3,1382508583
2022-05-08,aave-v3,1357398724
2022-05-09,aave-v3,1326044950
2022-05-10,aave-v3,1205071533
2022-05-11,aave-v3,1275011045
2022-05-12,aave-v3,1102272953
2022-05-13,aave-v3,903993610
2022-05-14,aave-v3,911061107
2022-05-15,aave-v3,963997957
2022-05-16,aave-v3,998091741
2022-05-17,aave-v3,960806134
2022-05-18,aave-v3,1011859340
2022-05-19,aave-v3,1003281204
2022-05-20,aave-v3,1042698333
2022-05-21,aave-v3,1069737386
2022-05-22,aave-v3,1074880380
2022-05-23,aave-v3,1107765368
2022-05-24,aave-v3,1079452151
2022-05-25,aave-v3,1087975705
2022-05-26,aave-v3,1088308944
2022-05-27,aave-v3,955413463
2022-05-28,aave-v3,952083826
2022-05-29,aave-v3,979238939
2022-05-30,aave-v3,996437012
2022-05-31,aave-v3,1071811573
2022-06-01,aave-v3,1125618467
2022-06-02,aave-v3,1163326246
2022-06-03,aave-v3,1282597886
2022-06-04,aave-v3,1345697206
2022-06-05,aave-v3,1387961816
2022-06-06,aave-v3,1404162165
2022-06-07,aave-v3,1487142842
2022-06-08,aave-v3,1489676215
2022-06-09,aave-v3,1487441518
2022-06-10,aave-v3,1507587148
2022-06-11,aave-v3,1428779663
2022-06-12,aave-v3,1387650871
2022-06-13,aave-v3,1326854439
2022-06-14,aave-v3,1022912271
2022-06-15,aave-v3,986246590
2022-06-16,aave-v3,963650669
2022-06-17,aave-v3,930616657
2022-06-18,aave-v3,955672170
2022-06-19,aave-v3,942034203
2022-06-20,aave-v3,977098399
2022-06-21,aave-v3,997014130
2022-06-22,aave-v3,1034502544
2022-06-23,aave-v3,1038679647
2022-06-24,aave-v3,1061146062
2022-06-25,aave-v3,1079853916
2022-06-26,aave-v3,1089132174
2022-06-27,aave-v3,1069379219
2022-06-28,aave-v3,1069652414
2022-06-29,aave-v3,1058215680
2022-06-30,aave-v3,1013867572
2022-07-01,aave-v3,1032767722
2022-07-02,aave-v3,1039649521
2022-07-03,aave-v3,1030928179
2022-07-04,aave-v3,1045656191
2022-07-05,aave-v3,1079517481
2022-07-06,aave-v3,1021469487
2022-07-07,aave-v3,1037258457
2022-07-08,aave-v3,1065677040
2022-07-09,aave-v3,1057757418
2022-07-10,aave-v3,1074352627
2022-07-11,aave-v3,1058897609
2022-07-12,aave-v3,1036286191
2022-07-13,aave-v3,1005128340
2022-07-14,aave-v3,1066136653
2022-07-15,aave-v3,1064944505
2022-07-16,aave-v3,1080292957
2022-07-17,aave-v3,1110119637
2022-07-18,aave-v3,1104251127
2022-07-19,aave-v3,1175973458
2022-07-20,aave-v3,1200522624
2022-07-21,aave-v3,1204161023
2022-07-22,aave-v3,1197596047
2022-07-23,aave-v3,1196294934
2022-07-24,aave-v3,1197251748
2022-07-25,aave-v3,1192487398
2022-07-26,aave-v3,1165284381
2022-07-27,aave-v3,1177774287
2022-07-28,aave-v3,1215996199
2022-07-29,aave-v3,1239388215
2022-07-30,aave-v3,1188282760
2022-07-31,aave-v3,1212634330
2022-08-01,aave-v3,1207556950
2022-08-02,aave-v3,1160647335
2022-08-03,aave-v3,1146929869
2022-08-04,aave-v3,1157289874
2022-08-05,aave-v3,1354632257
2022-08-06,aave-v3,1534670959
2022-08-07,aave-v3,1548976225
2022-08-08,aave-v3,1575160235
2022-08-09,aave-v3,1613632745
2022-08-10,aave-v3,1614086810
2022-08-11,aave-v3,1666192502
2022-08-12,aave-v3,1669214684
2022-08-13,aave-v3,1684513314
2022-08-14,aave-v3,1658467320
2022-08-15,aave-v3,1625223842
2022-08-16,aave-v3,1592757447
2022-08-17,aave-v3,1558248849
2022-08-18,aave-v3,1549339657
2022-08-19,aave-v3,1425635745
2022-08-20,aave-v3,1331132410
2022-08-21,aave-v3,1320186661
2022-08-22,aave-v3,1330804751
2022-08-23,aave-v3,1315822123
2022-08-24,aave-v3,1329523088
2022-08-25,aave-v3,1346054095
2022-08-26,aave-v3,1370750837
2022-08-27,aave-v3,1318522908
2022-08-28,aave-v3,1321107446
2022-08-29,aave-v3,1295564778
2022-08-30,aave-v3,1193707999
2022-08-31,aave-v3,1213412875
2022-09-01,aave-v3,1208775739
2022-09-02,aave-v3,1214551008
2022-09-03,aave-v3,1208558086
2022-09-04,aave-v3,1200228241
2022-09-05,aave-v3,1205356865
2022-09-06,aave-v3,1188469770
2022-09-07,aave-v3,1133067861
2022-09-08,aave-v3,1139559491
2022-09-09,aave-v3,1116873935
2022-09-10,aave-v3,1142127539
2022-09-11,aave-v3,1145014956
2022-09-12,aave-v3,1138347625
2022-09-13,aave-v3,1134243017
2022-09-14,aave-v3,1094681933
2022-09-15,aave-v3,1109190823
2022-09-16,aave-v3,1085329493
2022-09-17,aave-v3,1087478952
2022-09-18,aave-v3,1113440967
2022-09-19,aave-v3,1161610078
2022-09-20,aave-v3,1179111363
2022-09-21,aave-v3,1167124836
2022-09-22,aave-v3,1160954216
2022-09-23,aave-v3,1173332909
2022-09-24,aave-v3,1168859104
2022-09-25,aave-v3,1164775949
2022-09-26,aave-v3,1157908439
2022-09-27,aave-v3,1168539706
2022-09-28,aave-v3,1172840900
2022-09-29,aave-v3,1212754025
2022-09-30,aave-v3,1209673210
2022-10-01,aave-v3,1202751656
2022-10-02,aave-v3,1199974420
2022-10-03,aave-v3,1192922705
2022-10-04,aave-v3,1210057901
2022-10-05,aave-v3,1221799478
2022-10-06,aave-v3,1207200004
2022-10-07,aave-v3,1193381648
2022-10-08,aave-v3,1186646019
2022-10-09,aave-v3,1189680617
2022-10-10,aave-v3,1183784966
2022-10-11,aave-v3,1171040867
2022-10-12,aave-v3,1176223414
2022-10-13,aave-v3,1087295988
2022-10-14,aave-v3,1097042019
2022-10-15,aave-v3,1085661323
2022-10-16,aave-v3,1082521424
2022-10-17,aave-v3,1084415928
2022-10-18,aave-v3,1056947325
2022-10-19,aave-v3,1053061527
2022-10-20,aave-v3,1057152280
2022-10-21,aave-v3,1053038818
2022-10-22,aave-v3,1057168260
2022-10-23,aave-v3,1055443065
2022-10-24,aave-v3,1062541918
2022-10-25,aave-v3,1061295922
2022-10-26,aave-v3,1079894516
2022-10-27,aave-v3,1090545397
2022-10-28,aave-v3,1102619552
2022-10-29,aave-v3,1113852293
2022-10-30,aave-v3,1132177528
2022-10-31,aave-v3,1118190315
2022-11-01,aave-v3,1082337204
2022-11-02,aave-v3,1062383791
2022-11-03,aave-v3,1005771267
2022-11-04,aave-v3,943807619
2022-11-05,aave-v3,936634438
2022-11-06,aave-v3,923379145
2022-11-07,aave-v3,903799131
2022-11-08,aave-v3,901495642
2022-11-09,aave-v3,816389913
2022-11-10,aave-v3,725926259
2022-11-11,aave-v3,732304278
2022-11-12,aave-v3,721878680
2022-11-13,aave-v3,726323204
2022-11-14,aave-v3,706479960
2022-11-15,aave-v3,633405487
2022-11-16,aave-v3,632383727
2022-11-17,aave-v3,612955750
2022-11-18,aave-v3,603116391
2022-11-19,aave-v3,601445643
2022-11-20,aave-v3,598137561
2022-11-21,aave-v3,582906707
2022-11-22,aave-v3,522842646
2022-11-23,aave-v3,510266298
2022-11-24,aave-v3,506045358
2022-11-25,aave-v3,482077251
2022-11-26,aave-v3,469181069
2022-11-27,aave-v3,478915185
2022-11-28,aave-v3,475735865
2022-11-29,aave-v3,473655915
2022-11-30,aave-v3,489804045
2022-12-01,aave-v3,497191411
2022-12-02,aave-v3,495639111
2022-12-03,aave-v3,502081096
2022-12-04,aave-v3,500848854
2022-12-05,aave-v3,515080734
2022-12-06,aave-v3,520982726
2022-12-07,aave-v3,523107483
2022-12-08,aave-v3,504727655
2022-12-09,aave-v3,509595789
2022-12-10,aave-v3,509411764
2022-12-11,aave-v3,510001774
2022-12-12,aave-v3,502983427
2022-12-13,aave-v3,507831001
2022-12-14,aave-v3,500928515
2022-12-15,aave-v3,501063320
2022-12-16,aave-v3,496006213
2022-12-17,aave-v3,483349676
2022-12-18,aave-v3,480164807
2022-12-19,aave-v3,476226054
2022-12-20,aave-v3,473262584
2022-12-21,aave-v3,481378982
2022-12-22,aave-v3,475132207
2022-12-23,aave-v3,477884883
2022-12-24,aave-v3,481504520
2022-12-25,aave-v3,476865038
2022-12-26,aave-v3,475779255
2022-12-27,aave-v3,472226662
2022-12-28,aave-v3,466658997
2022-12-29,aave-v3,466258165
2022-12-30,aave-v3,454219975
2022-12-31,aave-v3,449971648
2023-01-01,aave-v3,440028549
2023-01-02,aave-v3,439942907
2023-01-03,aave-v3,442823160
2023-01-04,aave-v3,442838922
2023-01-05,aave-v3,446139202
2023-01-06,aave-v3,451230745
2023-01-07,aave-v3,453934855
2023-01-08,aave-v3,452859364
2023-01-09,aave-v3,456025621
2023-01-10,aave-v3,461323190
2023-01-11,aave-v3,463297931
2023-01-12,aave-v3,489367468
2023-01-13,aave-v3,488678015
2023-01-14,aave-v3,527509816
2023-01-15,aave-v3,527678711
2023-01-16,aave-v3,530156061
2023-01-17,aave-v3,531074260
2023-01-18,aave-v3,528774937
2023-01-19,aave-v3,514513588
2023-01-20,aave-v3,522753943
2023-01-21,aave-v3,544031901
2023-01-22,aave-v3,533799220
2023-01-23,aave-v3,529168717
2023-01-24,aave-v3,528156919
2023-01-25,aave-v3,513142439
2023-01-26,aave-v3,525909350
2023-01-27,aave-v3,528027938
2023-01-28,aave-v3,543960985
2023-01-29,aave-v3,543730377
2023-01-30,aave-v3,562253938
2023-01-31,aave-v3,556048744
2023-02-01,aave-v3,567809354
2023-02-02,aave-v3,587862116
2023-02-03,aave-v3,589607492
2023-02-04,aave-v3,611551696
2023-02-05,aave-v3,623699414
2023-02-06,aave-v3,637802305
2023-02-07,aave-v3,636405088
2023-02-08,aave-v3,655598487
2023-02-09,aave-v3,659064989
2023-02-10,aave-v3,633074858
2023-02-11,aave-v3,636494954
2023-02-12,aave-v3,650304081
2023-02-13,aave-v3,647365880
2023-02-14,aave-v3,661948295
2023-02-15,aave-v3,685669539
2023-02-16,aave-v3,735933516
2023-02-17,aave-v3,721914439
2023-02-18,aave-v3,748410232
2023-02-19,aave-v3,765996306
2023-02-20,aave-v3,762650352
2023-02-21,aave-v3,770377371
2023-02-22,aave-v3,762459553
2023-02-23,aave-v3,767866691
2023-02-24,aave-v3,763132941
2023-02-25,aave-v3,754089010
2023-02-26,aave-v3,752087608
2023-02-27,aave-v3,775958584
2023-02-28,aave-v3,774738100
2023-03-01,aave-v3,768843194
2023-03-02,aave-v3,784520194
2023-03-03,aave-v3,815749105
2023-03-04,aave-v3,814504775
2023-03-05,aave-v3,815775108
2023-03-06,aave-v3,822026324
2023-03-07,aave-v3,828868165
2023-03-08,aave-v3,861849462
2023-03-09,aave-v3,845993537
2023-03-10,aave-v3,803418027
2023-03-11,aave-v3,780938100
2023-03-12,aave-v3,833429773
2023-03-13,aave-v3,962650218
2023-03-14,aave-v3,963160386
2023-03-15,aave-v3,988650924
2023-03-16,aave-v3,956194052
2023-03-17,aave-v3,983398283
2023-03-18,aave-v3,1077147763
2023-03-19,aave-v3,1086478501
2023-03-20,aave-v3,1119140681
2023-03-21,aave-v3,1153876255
2023-03-22,aave-v3,1170069375
2023-03-23,aave-v3,1138797313
2023-03-24,aave-v3,1185006861
2023-03-25,aave-v3,1168185796
2023-03-26,aave-v3,1181813693
2023-03-27,aave-v3,1187445535
2023-03-28,aave-v3,1161619505
2023-03-29,aave-v3,1190933292
2023-03-30,aave-v3,1226280095
2023-03-31,aave-v3,1244185540
2023-04-01,aave-v3,1305947082
2023-04-02,aave-v3,1329553436
2023-04-03,aave-v3,1331173854
2023-04-04,aave-v3,1343700487
2023-04-05,aave-v3,1396255487
2023-04-06,aave-v3,1390475490
2023-04-07,aave-v3,1384977957
2023-04-08,aave-v3,1399156759
2023-04-09,aave-v3,1376204622
2023-04-10,aave-v3,1383276979
2023-04-11,aave-v3,1393129303
2023-04-12,aave-v3,1383171420
2023-04-13,aave-v3,1406105949
2023-04-14,aave-v3,1453859947
2023-04-15,aave-v3,1455529813
2023-04-16,aave-v3,1469040788
2023-04-17,aave-v3,1438986326
2023-04-18,aave-v3,1438431288
2023-04-19,aave-v3,1472287642
2023-04-20,aave-v3,1372440844
2023-04-21,aave-v3,1354319526
2023-04-22,aave-v3,1295146934
2023-04-23,aave-v3,1297386328
2023-04-24,aave-v3,1300507811
2023-04-25,aave-v3,1284444700
2023-04-26,aave-v3,1308769933
2023-04-27,aave-v3,1334092556
2023-04-28,aave-v3,1366765096
2023-04-29,aave-v3,1381344895
2023-04-30,aave-v3,1390901321
2023-05-01,aave-v3,1363897276
2023-05-02,aave-v3,1328426721
2023-05-03,aave-v3,1379594796
2023-05-04,aave-v3,1438574095
2023-05-05,aave-v3,1451759878
2023-05-06,aave-v3,1498215859
2023-05-07,aave-v3,1468649528
2023-05-08,aave-v3,1444771940
2023-05-09,aave-v3,1417101157
2023-05-10,aave-v3,1430251853
2023-05-11,aave-v3,1427307878
2023-05-12,aave-v3,1411234723
2023-05-13,aave-v3,1425491595
2023-05-14,aave-v3,1416974638
2023-05-15,aave-v3,1411128544
2023-05-16,aave-v3,1441350094
2023-05-17,aave-v3,1440970796
2023-05-18,aave-v3,1444055765
2023-05-19,aave-v3,1424725134
2023-05-20,aave-v3,1445531567
2023-05-21,aave-v3,1468625391
2023-05-22,aave-v3,1445521927
2023-05-23,aave-v3,1465357328
2023-05-24,aave-v3,1497724819
2023-05-25,aave-v3,1460535227
2023-05-26,aave-v3,1466798216
2023-05-27,aave-v3,1502074956
2023-05-28,aave-v3,1520761075
2023-05-29,aave-v3,1580926361
2023-05-30,aave-v3,1564159391
2023-05-31,aave-v3,1568418331
2023-06-01,aave-v3,1528510830
2023-06-02,aave-v3,1536529393
2023-06-03,aave-v3,1580366627
2023-06-04,aave-v3,1587821066
2023-06-05,aave-v3,1583576282
2023-06-06,aave-v3,1548510889
2023-06-07,aave-v3,1616029010
2023-06-08,aave-v3,1588495967
2023-06-09,aave-v3,1587068972
2023-06-10,aave-v3,1598121395
2023-06-11,aave-v3,1581651986
2023-06-12,aave-v3,1595193713
2023-06-13,aave-v3,1582836811
2023-06-14,aave-v3,1615150639
2023-06-15,aave-v3,1639142689
2023-06-16,aave-v3,1644162764
2023-06-17,aave-v3,1652954662
2023-06-18,aave-v3,1661977038
2023-06-19,aave-v3,1673910917
2023-06-20,aave-v3,1684648870
2023-06-21,aave-v3,1780928251
2023-06-22,aave-v3,1882623790
2023-06-23,aave-v3,1821023337
2023-06-24,aave-v3,1831563291
2023-06-25,aave-v3,1823446771
2023-06-26,aave-v3,1849419988
2023-06-27,aave-v3,1848184657
2023-06-28,aave-v3,1875159215
2023-06-29,aave-v3,1832730967
2023-06-30,aave-v3,1856316350
2023-07-01,aave-v3,1946329952
2023-07-02,aave-v3,1962570860
2023-07-03,aave-v3,2022081020
2023-07-04,aave-v3,2051782442
2023-07-05,aave-v3,2040146950
2023-07-06,aave-v3,1992052518
2023-07-07,aave-v3,1950810116
2023-07-08,aave-v3,1970022068
2023-07-09,aave-v3,1961285759
2023-07-10,aave-v3,1963107849
2023-07-11,aave-v3,1961333113
2023-07-12,aave-v3,1976439026
2023-07-13,aave-v3,1983615536
2023-07-14,aave-v3,2156445905
2023-07-15,aave-v3,2101427769
2023-07-16,aave-v3,2095090773
2023-07-17,aave-v3,2044517727
2023-07-18,aave-v3,2056867286
2023-07-19,aave-v3,2062456925
2023-07-20,aave-v3,2048749909
2023-07-21,aave-v3,2075834297
2023-07-22,aave-v3,2099514283
2023-07-23,aave-v3,2076887121
2023-07-24,aave-v3,2074993641
2023-07-25,aave-v3,2046619171
2023-07-26,aave-v3,2042788113
2023-07-27,aave-v3,2055526453
2023-07-28,aave-v3,2042706194
2023-07-29,aave-v3,2054239547
2023-07-30,aave-v3,2069931478
2023-07-31,aave-v3,1952490779
2023-08-01,aave-v3,1961389839
2023-08-02,aave-v3,2016941765
2023-08-03,aave-v3,2004932798
2023-08-04,aave-v3,2042883499
2023-08-05,aave-v3,2049302065
2023-08-06,aave-v3,2062138997
2023-08-07,aave-v3,2090024789
2023-08-08,aave-v3,2105702513
2023-08-09,aave-v3,2150219524
2023-08-10,aave-v3,2126310332
2023-08-11,aave-v3,2107396837
2023-08-12,aave-v3,2123126355
2023-08-13,aave-v3,2130962542
2023-08-14,aave-v3,2128816908
2023-08-15,aave-v3,2148260791
2023-08-16,aave-v3,2128932170
2023-08-17,aave-v3,2090553067
2023-08-18,aave-v3,2021440185
2023-08-19,aave-v3,2035733013
2023-08-20,aave-v3,2035755820
2023-08-21,aave-v3,2079827299
2023-08-22,aave-v3,2121458107
2023-08-23,aave-v3,2077658433
2023-08-24,aave-v3,2140475447
2023-08-25,aave-v3,2101553447
2023-08-26,aave-v3,2088588538
2023-08-27,aave-v3,2087788702
2023-08-28,aave-v3,2096043050
2023-08-29,aave-v3,2109546052
2023-08-30,aave-v3,2198701360
2023-08-31,aave-v3,2201791054
2023-09-01,aave-v3,2141034802
2023-09-02,aave-v3,2135038245
2023-09-03,aave-v3,2155466021
2023-09-04,aave-v3,2169462513
2023-09-05,aave-v3,2183153050
2023-09-06,aave-v3,2193306375
2023-09-07,aave-v3,2178406704
2023-09-08,aave-v3,2235243950
2023-09-09,aave-v3,2219913345
2023-09-10,aave-v3,2226020758
2023-09-11,aave-v3,2224840039
2023-09-12,aave-v3,2156837017
2023-09-13,aave-v3,2208675849
2023-09-14,aave-v3,2238266877
2023-09-15,aave-v3,2266752728
2023-09-16,aave-v3,2284434578
2023-09-17,aave-v3,2268218197
2023-09-18,aave-v3,2293847548
2023-09-19,aave-v3,2325829617
2023-09-20,aave-v3,2352421863
2023-09-21,aave-v3,2343947123
2023-09-22,aave-v3,2295804571
2023-09-23,aave-v3,2315019506
2023-09-24,aave-v3,2310603439
2023-09-25,aave-v3,2286848875
2023-09-26,aave-v3,2378219428
2023-09-27,aave-v3,2385228930
2023-09-28,aave-v3,2395404811
2023-09-29,aave-v3,2475796663
2023-09-30,aave-v3,2499688119
2023-10-01,aave-v3,2486568772
2023-10-02,aave-v3,2591518631
2023-10-03,aave-v3,2539361731
2023-10-04,aave-v3,2519085531
2023-10-05,aave-v3,2540507390
2023-10-06,aave-v3,2518743814
2023-10-07,aave-v3,2562717937
2023-10-08,aave-v3,2590846857
2023-10-09,aave-v3,2549065941
2023-10-10,aave-v3,2473218627
2023-10-11,aave-v3,2462864233
2023-10-12,aave-v3,2426606711
2023-10-13,aave-v3,2409744969
2023-10-14,aave-v3,2457375319
2023-10-15,aave-v3,2472400657
2023-10-16,aave-v3,2479991611
2023-10-17,aave-v3,2568921651
2023-10-18,aave-v3,2566953111
2023-10-19,aave-v3,2579182783
2023-10-20,aave-v3,2618984187
2023-10-21,aave-v3,2649860744
2023-10-22,aave-v3,2742186467
2023-10-23,aave-v3,2809990860
2023-10-24,aave-v3,2971781441
2023-10-25,aave-v3,2990248198
2023-10-26,aave-v3,3006522001
2023-10-27,aave-v3,3013585457
2023-10-28,aave-v3,2983349281
2023-10-29,aave-v3,2974665475
2023-10-30,aave-v3,3030613579
2023-10-31,aave-v3,3082180300
2023-11-01,aave-v3,3024737240
2023-11-02,aave-v3,3105015366
2023-11-03,aave-v3,2851603536
2023-11-04,aave-v3,3184374652
2023-11-05,aave-v3,3131108287
2023-11-06,aave-v3,3092385960
2023-11-07,aave-v3,3070383916
2023-11-08,aave-v3,3114764471
2023-11-09,aave-v3,3152292154
2023-11-10,aave-v3,3368822584
2023-11-11,aave-v3,3332686580
2023-11-12,aave-v3,3286108071
2023-11-13,aave-v3,3364978684
2023-11-14,aave-v3,3303645268
2023-11-15,aave-v3,3222436628
2023-11-16,aave-v3,3424406274
2023-11-17,aave-v3,3311413964
2023-11-18,aave-v3,3329432201
2023-11-19,aave-v3,3342086661
2023-11-20,aave-v3,3406214823
2023-11-21,aave-v3,3404345777
2023-11-22,aave-v3,3264147390
2023-11-23,aave-v3,3431295299
2023-11-24,aave-v3,3421888709
2023-11-25,aave-v3,3450042240
2023-11-26,aave-v3,3444586102
2023-11-27,aave-v3,3420097209
2023-11-28,aave-v3,3351207519
2023-11-29,aave-v3,3401780690
2023-11-30,aave-v3,3387286520
2023-12-01,aave-v3,3424362871
2023-12-02,aave-v3,3482427629
2023-12-03,aave-v3,3658743289
2023-12-04,aave-v3,3695269778
2023-12-05,aave-v3,3742048687
2023-12-06,aave-v3,3865777922
2023-12-07,aave-v3,3802154796
2023-12-08,aave-v3,4015699566
2023-12-09,aave-v3,4063608595
2023-12-10,aave-v3,3958617382
2023-12-11,aave-v3,3969334520
2023-12-12,aave-v3,3781266921
2023-12-13,aave-v3,3733988946
2023-12-14,aave-v3,3908992309
2023-12-15,aave-v3,3999835426
2023-12-16,aave-v3,3866188316
2023-12-17,aave-v3,3899142543
2023-12-18,aave-v3,3839615155
2023-12-19,aave-v3,3918209483
2023-12-20,aave-v3,3842000449
2023-12-21,aave-v3,3918293669
2023-12-22,aave-v3,3988485800
2023-12-23,aave-v3,4111300418
2023-12-24,aave-v3,4097173968
2023-12-25,aave-v3,4045141879
2023-12-26,aave-v3,4095781815
2023-12-27,aave-v3,4069945528
2023-12-28,aave-v3,4364767546
2023-12-29,aave-v3,4329598906
2023-12-30,aave-v3,4260744559
2023-12-31,aave-v3,4255403426
2024-01-01,aave-v3,4272886710
2024-01-02,aave-v3,4389346411
2024-01-03,aave-v3,4422356011
2024-01-04,aave-v3,4185334724
2024-01-05,aave-v3,4339486261
2024-01-06,aave-v3,4492203390
2024-01-07,aave-v3,4459769207
2024-01-08,aave-v3,4425796453
2024-01-09,aave-v3,4627329276
2024-01-10,aave-v3,4680937742
2024-01-11,aave-v3,5134068256
2024-01-12,aave-v3,5240501667
2024-01-13,aave-v3,5016419035
2024-01-14,aave-v3,5112570423
2024-01-15,aave-v3,4993314294
2024-01-16,aave-v3,5078265599
2024-01-17,aave-v3,5237922121
2024-01-18,aave-v3,5114474889
2024-01-19,aave-v3,5048025145
2024-01-20,aave-v3,5035827210
2024-01-21,aave-v3,5067878334
2024-01-22,aave-v3,5034059817
2024-01-23,aave-v3,4813626804
2024-01-24,aave-v3,4737989812
2024-01-25,aave-v3,4759808705
2024-01-26,aave-v3,4775006503
2024-01-27,aave-v3,4911942265
2024-01-28,aave-v3,4925443209
2024-01-29,aave-v3,4904059461
2024-01-30,aave-v3,4938584837
2024-01-31,aave-v3,4922602783
2024-02-01,aave-v3,4838536555
2024-02-02,aave-v3,4910334044
2024-02-03,aave-v3,4946529940
2024-02-04,aave-v3,4905510428
2024-02-05,aave-v3,4931892990
2024-02-06,aave-v3,4973679643
2024-02-07,aave-v3,5063284832
2024-02-08,aave-v3,5126640435
2024-02-09,aave-v3,5113044200
2024-02-10,aave-v3,5295314133
2024-02-11,aave-v3,5332753611
2024-02-12,aave-v3,5361340601
2024-02-13,aave-v3,5608530300
2024-02-14,aave-v3,5564179498
2024-02-15,aave-v3,5848487219
2024-02-16,aave-v3,5981324332
2024-02-17,aave-v3,5933390010
2024-02-18,aave-v3,5912967419
2024-02-19,aave-v3,6047032366
2024-02-20,aave-v3,6150267705
2024-02-21,aave-v3,6207936626
2024-02-22,aave-v3,6147832859
2024-02-23,aave-v3,6154542348
2024-02-24,aave-v3,6056082608
2024-02-25,aave-v3,6206307437
2024-02-26,aave-v3,6386471730
2024-02-27,aave-v3,6603796171
2024-02-28,aave-v3,6770673880
2024-02-29,aave-v3,7134551343
2024-03-01,aave-v3,7263725332
2024-03-02,aave-v3,7485667664
2024-03-03,aave-v3,7503615750
2024-03-04,aave-v3,7643147141
2024-03-05,aave-v3,7997819158
2024-03-06,aave-v3,7777790860
2024-03-07,aave-v3,8352705075
2024-03-08,aave-v3,8443937397
2024-03-09,aave-v3,8582257385
2024-03-10,aave-v3,8645676360
2024-03-11,aave-v3,8678193713
2024-03-12,aave-v3,9157282317
2024-03-13,aave-v3,9009631154
2024-03-14,aave-v3,9142554537
2024-03-15,aave-v3,8952320031
2024-03-16,aave-v3,8695861476
2024-03-17,aave-v3,8269268844
2024-03-18,aave-v3,8543958083
2024-03-19,aave-v3,8451421613
2024-03-20,aave-v3,7578068930
2024-03-21,aave-v3,8493706809
2024-03-22,aave-v3,8125502812
2024-03-23,aave-v3,8170873882
2024-03-24,aave-v3,8270935963
2024-03-25,aave-v3,8556953200
2024-03-26,aave-v3,9053195633
2024-03-27,aave-v3,9058211397
2024-03-28,aave-v3,8785965181
2024-03-29,aave-v3,9010717830
2024-03-30,aave-v3,8811449184
2024-03-31,aave-v3,8785904235
2024-04-01,aave-v3,9217535269
2024-04-02,aave-v3,8905522395
2024-04-03,aave-v3,8329429995
2024-04-04,aave-v3,8410023236
2024-04-05,aave-v3,8492761723
2024-04-06,aave-v3,8607916408
2024-04-07,aave-v3,8730181002
2024-04-08,aave-v3,8800630614
2024-04-09,aave-v3,9475170980
2024-04-10,aave-v3,9000104064
2024-04-11,aave-v3,9196023409
2024-04-12,aave-v3,9103297527
2024-04-13,aave-v3,8412892315
2024-04-14,aave-v3,7609443886
2024-04-15,aave-v3,8239050473
2024-04-16,aave-v3,8112363582
2024-04-17,aave-v3,8200919516
2024-04-18,aave-v3,8020987559
2024-04-19,aave-v3,8177409543
2024-04-20,aave-v3,8431594925
2024-04-21,aave-v3,8640572292
2024-04-22,aave-v3,8672770624
2024-04-23,aave-v3,8849992616
2024-04-24,aave-v3,8847828785
2024-04-25,aave-v3,8651100774
2024-04-26,aave-v3,8706363397
2024-04-27,aave-v3,8696673271
2024-04-28,aave-v3,8827240301
2024-04-29,aave-v3,8943709122
2024-04-30,aave-v3,8772936755
2024-05-01,aave-v3,8304282359
2024-05-02,aave-v3,8209359721
2024-05-03,aave-v3,8362578736
2024-05-04,aave-v3,8739912689
2024-05-05,aave-v3,8791350821
2024-05-06,aave-v3,8798177946
2024-05-07,aave-v3,8666146749
2024-05-08,aave-v3,8641650584
2024-05-09,aave-v3,8538393290
2024-05-10,aave-v3,8726218807
2024-05-11,aave-v3,8515580813
2024-05-12,aave-v3,8565096773
2024-05-13,aave-v3,8600203643
2024-05-14,aave-v3,8677567695
2024-05-15,aave-v3,8507682832
2024-05-16,aave-v3,8965253816
2024-05-17,aave-v3,8856975358
2024-05-18,aave-v3,9261610304
2024-05-19,aave-v3,9340827627
2024-05-20,aave-v3,9215883511
2024-05-21,aave-v3,10472955402
2024-05-22,aave-v3,10814453145
2024-05-23,aave-v3,10851737731
2024-05-24,aave-v3,11007373616
2024-05-25,aave-v3,10814499860
2024-05-26,aave-v3,10875591264
2024-05-27,aave-v3,11097512791
2024-05-28,aave-v3,11292401395
2024-05-29,aave-v3,11136715869
2024-05-30,aave-v3,10899341318
2024-05-31,aave-v3,10920216948
2024-06-01,aave-v3,11037581096
2024-06-02,aave-v3,11110773313
2024-06-03,aave-v3,11039794189
2024-06-04,aave-v3,10963158378
2024-06-05,aave-v3,11202071825
2024-06-06,aave-v3,11314609153
2024-06-07,aave-v3,11176223413
2024-06-08,aave-v3,10988447884
2024-06-09,aave-v3,11011843166
2024-06-10,aave-v3,11099463892
2024-06-11,aave-v3,10994628023
2024-06-12,aave-v3,10573769984
2024-06-13,aave-v3,10773630464
2024-06-14,aave-v3,10559903383
2024-06-15,aave-v3,10535701666
2024-06-16,aave-v3,10705437741
2024-06-17,aave-v3,10785390427
2024-06-18,aave-v3,10604190252
2024-06-19,aave-v3,10466310186
2024-06-20,aave-v3,10669319664
2024-06-21,aave-v3,10645165843
2024-06-22,aave-v3,10900160974
2024-06-23,aave-v3,10861895217
2024-06-24,aave-v3,10651641024
2024-06-25,aave-v3,10399601376
2024-06-26,aave-v3,10592549114
2024-06-27,aave-v3,10609883752
2024-06-28,aave-v3,10774627708
2024-06-29,aave-v3,10614710780
2024-06-30,aave-v3,10688383999
2024-07-01,aave-v3,10791543282
2024-07-02,aave-v3,11001764707
2024-07-03,aave-v3,10893306225
2024-07-04,aave-v3,10569128424
2024-07-05,aave-v3,10155360067
2024-07-06,aave-v3,9922362375
2024-07-07,aave-v3,10139581293
2024-07-08,aave-v3,9860539436
2024-07-09,aave-v3,10162998342
2024-07-10,aave-v3,10324197091
2024-07-11,aave-v3,10385648248
2024-07-12,aave-v3,10437335329
2024-07-13,aave-v3,10493806257
2024-07-14,aave-v3,10614390276
2024-07-15,aave-v3,10961539893
2024-07-16,aave-v3,11484482875
2024-07-17,aave-v3,11573073780
2024-07-18,aave-v3,11568978772
2024-07-19,aave-v3,11549956995
2024-07-20,aave-v3,11871878590
2024-07-21,aave-v3,11977258213
2024-07-22,aave-v3,12050642123
2024-07-23,aave-v3,11829574765
2024-07-24,aave-v3,11841397073
2024-07-25,aave-v3,11494869329
2024-07-26,aave-v3,11095809652
2024-07-27,aave-v3,11469104867
2024-07-28,aave-v3,11465119682
2024-07-29,aave-v3,11442164879
2024-07-30,aave-v3,11789204332
2024-07-31,aave-v3,11653509096
2024-08-01,aave-v3,11489238636
2024-08-02,aave-v3,11305895559
2024-08-03,aave-v3,10806566861
2024-08-04,aave-v3,10431862077
2024-08-05,aave-v3,10018511824
2024-08-06,aave-v3,9427380751
2024-08-07,aave-v3,9713303381
2024-08-08,aave-v3,9376624087
2024-08-09,aave-v3,10256990925
2024-08-10,aave-v3,10293080620
2024-08-11,aave-v3,10316398552
2024-08-12,aave-v3,10128014966
2024-08-13,aave-v3,10509844638
2024-08-14,aave-v3,10689833108
2024-08-15,aave-v3,10383253364
2024-08-16,aave-v3,10151766660
2024-08-17,aave-v3,10331623282
2024-08-18,aave-v3,10284673482
2024-08-19,aave-v3,10409728565
2024-08-20,aave-v3,10311291061
2024-08-21,aave-v3,10323430388
2024-08-22,aave-v3,10664194391
2024-08-23,aave-v3,10597409028
2024-08-24,aave-v3,11120795836
2024-08-25,aave-v3,11053888815
2024-08-26,aave-v3,11134187274
2024-08-27,aave-v3,10819393953
2024-08-28,aave-v3,10107562851
2024-08-29,aave-v3,10205748647
2024-08-30,aave-v3,10223628470
2024-08-31,aave-v3,10244413384
2024-09-01,aave-v3,10224893908
2024-09-02,aave-v3,9972816016
2024-09-03,aave-v3,10377183722
2024-09-04,aave-v3,10115575442
2024-09-05,aave-v3,10141442720
2024-09-06,aave-v3,9843466817
2024-09-07,aave-v3,9408987605
2024-09-08,aave-v3,9520748413
2024-09-09,aave-v3,9596920326
2024-09-10,aave-v3,10018820115
2024-09-11,aave-v3,10080806312
2024-09-12,aave-v3,10036535101
2024-09-13,aave-v3,10083813792
2024-09-14,aave-v3,10539322433
2024-09-15,aave-v3,10500210250
2024-09-16,aave-v3,10233905527
2024-09-17,aave-v3,10090697880
2024-09-18,aave-v3,10334917316
2024-09-19,aave-v3,10314890402
2024-09-20,aave-v3,10781532848
2024-09-21,aave-v3,11070930475
2024-09-22,aave-v3,11081159612
2024-09-23,aave-v3,11043349233
2024-09-24,aave-v3,11460644084
2024-09-25,aave-v3,11579654366
2024-09-26,aave-v3,11414813579
2024-09-27,aave-v3,11724825545
2024-09-28,aave-v3,11946581317
2024-09-29,aave-v3,11860338370
2024-09-30,aave-v3,11808089546
2024-10-01,aave-v3,11508453138
2024-10-02,aave-v3,10968141411
2024-10-03,aave-v3,10782345056
2024-10-04,aave-v3,10717166958
2024-10-05,aave-v3,11044888193
2024-10-06,aave-v3,11009864323
2024-10-07,aave-v3,11101035393
2024-10-08,aave-v3,11005041210
2024-10-09,aave-v3,10941209308
2024-10-10,aave-v3,10792725702
2024-10-11,aave-v3,10826117958
2024-10-12,aave-v3,11140152920
2024-10-13,aave-v3,11440752154
2024-10-14,aave-v3,11403550235
2024-10-15,aave-v3,12059609858
2024-10-16,aave-v3,11987700166
2024-10-17,aave-v3,12027977536
2024-10-18,aave-v3,12116856128
2024-10-19,aave-v3,12230786073
2024-10-20,aave-v3,12297236865
2024-10-21,aave-v3,12645526102
2024-10-22,aave-v3,12494811247
2024-10-23,aave-v3,12434506858
2024-10-24,aave-v3,12019410321
2024-10-25,aave-v3,12220457841
2024-10-26,aave-v3,11959255779
2024-10-27,aave-v3,12177703388
2024-10-28,aave-v3,12329164316
2024-10-29,aave-v3,12558319693
2024-10-30,aave-v3,12828398163
2024-10-31,aave-v3,13053268846
2024-11-01,aave-v3,12503635216
2024-11-02,aave-v3,12534172035
2024-11-03,aave-v3,12495095566
2024-11-04,aave-v3,12551491368
2024-11-05,aave-v3,12276848884
2024-11-06,aave-v3,12502538785
2024-11-07,aave-v3,13831800501
2024-11-08,aave-v3,14299723936
2024-11-09,aave-v3,14631701918
2024-11-10,aave-v3,15185547182
2024-11-11,aave-v3,15667560606
2024-11-12,aave-v3,16476352661
2024-11-13,aave-v3,16270392595
2024-11-14,aave-v3,16245848262
2024-11-15,aave-v3,15800834434
2024-11-16,aave-v3,16046864896
2024-11-17,aave-v3,16282320781
2024-11-18,aave-v3,16015261428
2024-11-19,aave-v3,16487612541
2024-11-20,aave-v3,16300054576
2024-11-21,aave-v3,16251206476
2024-11-22,aave-v3,17665182602
2024-11-23,aave-v3,17711656525
2024-11-24,aave-v3,18120234672
2024-11-25,aave-v3,18059907894
2024-11-26,aave-v3,17839903087
2024-11-27,aave-v3,17578888775
2024-11-28,aave-v3,18926689159
2024-11-29,aave-v3,18671603791
2024-11-30,aave-v3,19039837139
2024-12-01,aave-v3,19428098015
2024-12-02,aave-v3,19554568873
2024-12-03,aave-v3,19348443129
2024-12-04,aave-v3,19407242193
2024-12-05,aave-v3,20243121895
2024-12-06,aave-v3,20040300196
2024-12-07,aave-v3,21180508203
2024-12-08,aave-v3,21323374090
2024-12-09,aave-v3,21403026038
2024-12-10,aave-v3,20178824948
2024-12-11,aave-v3,19976678727
2024-12-12,aave-v3,21022218901
2024-12-13,aave-v3,21099984912
2024-12-14,aave-v3,21491117741
2024-12-15,aave-v3,21466501599
2024-12-16,aave-v3,21539612268
2024-12-17,aave-v3,22320766558
2024-12-18,aave-v3,21808510034
2024-12-19,aave-v3,20316889787
2024-12-20,aave-v3,19552493707
2024-12-21,aave-v3,19510610212
2024-12-22,aave-v3,19116003439
2024-12-23,aave-v3,18895335766
2024-12-24,aave-v3,19593697585
2024-12-25,aave-v3,20334939450
2024-12-26,aave-v3,20311485717
2024-12-27,aave-v3,19700316513
2024-12-28,aave-v3,19593145703
2024-12-29,aave-v3,20034695425
2024-12-30,aave-v3,19921560867
2024-12-31,aave-v3,19721306284
2025-01-01,aave-v3,19745565564
2025-01-02,aave-v3,20157032747
2025-01-03,aave-v3,20450133679
2025-01-04,aave-v3,20832491159
2025-01-05,aave-v3,21074289475
2025-01-06,aave-v3,21139392021
2025-01-07,aave-v3,21418653999
2025-01-08,aave-v3,19617777173
2025-01-09,aave-v3,19471775068
2025-01-10,aave-v3,19120791808
2025-01-11,aave-v3,19689394134
2025-01-12,aave-v3,19912862880
2025-01-13,aave-v3,20072391888
2025-01-14,aave-v3,19694040848
2025-01-15,aave-v3,20272960751
2025-01-16,aave-v3,21258083861
2025-01-17,aave-v3,20659655423
2025-01-18,aave-v3,21492404864
2025-01-19,aave-v3,20858782421
2025-01-20,aave-v3,20418995797
2025-01-21,aave-v3,20741005993
2025-01-22,aave-v3,21062451715
2025-01-23,aave-v3,20807425831
2025-01-24,aave-v3,21029465203
2025-01-25,aave-v3,21258803632
2025-01-26,aave-v3,21395916831
2025-01-27,aave-v3,21183903023
2025-01-28,aave-v3,20382334642
2025-01-29,aave-v3,20415248745
2025-01-30,aave-v3,20700009724
2025-01-31,aave-v3,21329954389
2025-02-01,aave-v3,21521987835
2025-02-02,aave-v3,20686172206
2025-02-03,aave-v3,19156476573
2025-02-04,aave-v3,19861633378
2025-02-05,aave-v3,19244755600
2025-02-06,aave-v3,19207321263
2025-02-07,aave-v3,19110161241
2025-02-08,aave-v3,18877462990
2025-02-09,aave-v3,19031180188
2025-02-10,aave-v3,18912989677
2025-02-11,aave-v3,19280364195
2025-02-12,aave-v3,18822036106
2025-02-13,aave-v3,19383815681
2025-02-14,aave-v3,19272820370
2025-02-15,aave-v3,19522208872
2025-02-16,aave-v3,19389260258
2025-02-17,aave-v3,19121971967
2025-02-18,aave-v3,19523691215
2025-02-19,aave-v3,19159547823
2025-02-20,aave-v3,19467471984
2025-02-21,aave-v3,19727371412
2025-02-22,aave-v3,19233632214
2025-02-23,aave-v3,19247287593
2025-02-24,aave-v3,20068185218
2025-02-25,aave-v3,18849281890
2025-02-26,aave-v3,18744880219
2025-02-27,aave-v3,17686071848
2025-02-28,aave-v3,17744980770
2025-03-01,aave-v3,17709162549
2025-03-02,aave-v3,17804070521
2025-03-03,aave-v3,19556913654
2025-03-04,aave-v3,17688781589
2025-03-05,aave-v3,17818702849
2025-03-06,aave-v3,18386180638
2025-03-07,aave-v3,17748348546
2025-03-08,aave-v3,17752329340
2025-03-09,aave-v3,17883016710
2025-03-10,aave-v3,16863603779
2025-03-11,aave-v3,16231030721
2025-03-12,aave-v3,16691381686
2025-03-13,aave-v3,16816828742
2025-03-14,aave-v3,16622011630
2025-03-15,aave-v3,17195150953
2025-03-16,aave-v3,17368369880
2025-03-17,aave-v3,17211692809
2025-03-18,aave-v3,17357676207
2025-03-19,aave-v3,17377856134
2025-03-20,aave-v3,17409750439
2025-03-21,aave-v3,17037939489
2025-03-22,aave-v3,17232855720
2025-03-23,aave-v3,17523743196
2025-03-24,aave-v3,18050163619
2025-03-25,aave-v3,18685450937
2025-03-26,aave-v3,18935834445
2025-03-27,aave-v3,18503185849
2025-03-28,aave-v3,18681616220
2025-03-29,aave-v3,17906490552
2025-03-30,aave-v3,17414485105
2025-03-31,aave-v3,16448082694
2025-04-01,aave-v3,16867944067
2025-04-02,aave-v3,17482302287
2025-04-03,aave-v3,16852451721
2025-04-04,aave-v3,17136358373
2025-04-05,aave-v3,17268153491
2025-04-06,aave-v3,17359240959
2025-04-07,aave-v3,16109006923
2025-04-08,aave-v3,16391269055
2025-04-09,aave-v3,16086512786
2025-04-10,aave-v3,17469151901
2025-04-11,aave-v3,16688233809
2025-04-12,aave-v3,17091756050
2025-04-13,aave-v3,17268790834
2025-04-14,aave-v3,17344439671
2025-04-15,aave-v3,17610109352
2025-04-16,aave-v3,17535177178
2025-04-17,aave-v3,17656930194
2025-04-18,aave-v3,17644479800
2025-04-19,aave-v3,17592274838
2025-04-20,aave-v3,17810930100
2025-04-21,aave-v3,17611795220
2025-04-22,aave-v3,16971511347
2025-04-23,aave-v3,18551530406
2025-04-24,aave-v3,19103863029
2025-04-25,aave-v3,19245221495
2025-04-26,aave-v3,19636307658
2025-04-27,aave-v3,19434843438
2025-04-28,aave-v3,19550061304
2025-04-29,aave-v3,19561176175
2025-04-30,aave-v3,19417339205
2025-05-01,aave-v3,19408522188
2025-05-02,aave-v3,20002880388
2025-05-03,aave-v3,20357980791
2025-05-04,aave-v3,20249383335
2025-05-05,aave-v3,20033077467
2025-05-06,aave-v3,19886209488
2025-05-07,aave-v3,20112236409
2025-05-08,aave-v3,19169335639
2025-05-09,aave-v3,21861782660
2025-05-10,aave-v3,23074590296
2025-05-11,aave-v3,24512598478
2025-05-12,aave-v3,24085326444
2025-05-13,aave-v3,23660585211
2025-05-14,aave-v3,24863562714
2025-05-15,aave-v3,23573607018
2025-05-16,aave-v3,23008243969
2025-05-17,aave-v3,23284168390
2025-05-18,aave-v3,23068905176
2025-05-19,aave-v3,23617736389
2025-05-20,aave-v3,23826878715
2025-05-21,aave-v3,24023692656
2025-05-22,aave-v3,24337743707
2025-05-23,aave-v3,25202538312
2025-05-24,aave-v3,24317953411
2025-05-25,aave-v3,24353614598
2025-05-26,aave-v3,24462733506
2025-05-27,aave-v3,24663807572
2025-05-28,aave-v3,25074648311
2025-05-29,aave-v3,24990337711
2025-05-30,aave-v3,24547745077
2025-05-31,aave-v3,23962209295
2025-06-01,aave-v3,24121589283
2025-06-02,aave-v3,24396395410
2025-06-03,aave-v3,24803509706
2025-06-04,aave-v3,24803953772
2025-06-05,aave-v3,24861342684
2025-06-06,aave-v3,23597428559
2025-06-07,aave-v3,24187072941
2025-06-08,aave-v3,24582946974
2025-06-09,aave-v3,24506971791
2025-06-10,aave-v3,25134471137
2025-06-11,aave-v3,26088326551
2025-06-12,aave-v3,25928913729
2025-06-13,aave-v3,24909250371
2025-06-14,aave-v3,24762009087
2025-06-15,aave-v3,24534919213
2025-06-16,aave-v3,24570909267
2025-06-17,aave-v3,25854553446
2025-06-18,aave-v3,25252551264
2025-06-19,aave-v3,25284659119
2025-06-20,aave-v3,25222340888
2025-06-21,aave-v3,24265434803
2025-06-22,aave-v3,23485312582
2025-06-23,aave-v3,22517524974
2025-06-24,aave-v3,24138877391
2025-06-25,aave-v3,24471322262
2025-06-26,aave-v3,24675428790
2025-06-27,aave-v3,24149649040
2025-06-28,aave-v3,24425584609
2025-06-29,aave-v3,24603601779
2025-06-30,aave-v3,25144712857
2025-07-01,aave-v3,24706446674
2025-07-02,aave-v3,24163484177
2025-07-03,aave-v3,25348196037
2025-07-04,aave-v3,25812437106
2025-07-05,aave-v3,25239713313
2025-07-06,aave-v3,25552744940
2025-07-07,aave-v3,25941377978
2025-07-08,aave-v3,25686241616
2025-07-09,aave-v3,26197491390
2025-07-10,aave-v3,27419357897
2025-07-11,aave-v3,28406819834
2025-07-12,aave-v3,28436691422
2025-07-13,aave-v3,28457113990
2025-07-14,aave-v3,28956506491
2025-07-15,aave-v3,29332422701
2025-07-16,aave-v3,29953960869
2025-07-17,aave-v3,29961937383
2025-07-18,aave-v3,30531960608
2025-07-19,aave-v3,31353193760
2025-07-20,aave-v3,31821699764
2025-07-21,aave-v3,33098489744
2025-07-22,aave-v3,33013067640
2025-07-23,aave-v3,32915384493
2025-07-24,aave-v3,32497650373
2025-07-25,aave-v3,32460981710
2025-07-26,aave-v3,33023128725
2025-07-27,aave-v3,33233866748
2025-07-28,aave-v3,34667799096
2025-07-29,aave-v3,33716703551
2025-07-30,aave-v3,33704914212
2025-07-31,aave-v3,33943431057
2025-08-01,aave-v3,33568198818
2025-08-02,aave-v3,32034745552
2025-08-03,aave-v3,31606099660
2025-08-04,aave-v3,32488709752
2025-08-05,aave-v3,34053495936
2025-08-06,aave-v3,34087007289
2025-08-07,aave-v3,34605492573
2025-08-08,aave-v3,36635875815
2025-08-09,aave-v3,36921982534
2025-08-10,aave-v3,38159952150
2025-08-11,aave-v3,38296803889
2025-08-12,aave-v3,38154607276
2025-08-13,aave-v3,39795999390
2025-08-14,aave-v3,39810874244
2025-08-15,aave-v3,38545303406
2025-08-16,aave-v3,37381353183
2025-08-17,aave-v3,37234390344
2025-08-18,aave-v3,37243568693
2025-08-19,aave-v3,36686666242
2025-08-20,aave-v3,35264662713
2025-08-21,aave-v3,36630468406
2025-08-22,aave-v3,36415798157
2025-08-23,aave-v3,39571976310
2025-08-24,aave-v3,40739958364
2025-08-25,aave-v3,39491802594
2025-08-26,aave-v3,38302630261
2025-08-27,aave-v3,39437983079
2025-08-28,aave-v3,39202254568
2025-08-29,aave-v3,39664294930
2025-08-30,aave-v3,39080623160
2025-08-31,aave-v3,38944462176
2025-09-01,aave-v3,38811422793
2025-09-02,aave-v3,38550189602
2025-09-03,aave-v3,38241641025
2025-09-04,aave-v3,39869691553
2025-09-05,aave-v3,38763188684
2025-09-06,aave-v3,39101685763
2025-09-07,aave-v3,38813379134
2025-09-08,aave-v3,39811182606
2025-09-09,aave-v3,39570253780
2025-09-10,aave-v3,39324898341
2025-09-11,aave-v3,39970449688
2025-09-12,aave-v3,40537894167
2025-09-13,aave-v3,42166532929
2025-09-14,aave-v3,42055961630
2025-09-15,aave-v3,41709919618
2025-09-16,aave-v3,41340360634
2025-09-17,aave-v3,40613286253
2025-09-18,aave-v3,41465810216
2025-09-19,aave-v3,42366186712
2025-09-20,aave-v3,41535296901
2025-09-21,aave-v3,42723970597
2025-09-22,aave-v3,42106693629
2025-09-23,aave-v3,40233002733
2025-09-24,aave-v3,39602829708
2025-09-25,aave-v3,39740376931
2025-09-26,aave-v3,39429076309
2025-09-27,aave-v3,40368755202
2025-09-28,aave-v3,41281866357
2025-09-29,aave-v3,42703084286
2025-09-30,aave-v3,43296408982
2025-10-01,aave-v3,42990626099
2025-10-02,aave-v3,44206721746
2025-10-03,aave-v3,44654503641
2025-10-04,aave-v3,44664094942
2025-10-05,aave-v3,44340804073
2025-10-06,aave-v3,44223795844
2025-10-07,aave-v3,45443859638
2025-10-08,aave-v3,44510427344
2025-10-09,aave-v3,44994427464
2025-10-10,aave-v3,42969039542
2025-10-11,aave-v3,38212838691
2025-10-12,aave-v3,38769704568
2025-10-13,aave-v3,41107889975
2025-10-14,aave-v3,41787792323
2025-10-15,aave-v3,40899079068
2025-10-16,aave-v3,38658234131
2025-10-17,aave-v3,37923810706
2025-10-18,aave-v3,37062962133
2025-10-19,aave-v3,38946215179
2025-10-20,aave-v3,37639815505
2025-10-21,aave-v3,39269888928
2025-10-22,aave-v3,37173745828
2025-10-23,aave-v3,35660585288
2025-10-24,aave-v3,36094662652
2025-10-25,aave-v3,36980984711
2025-10-26,aave-v3,37247198914
2025-10-27,aave-v3,38912794142
2025-10-28,aave-v3,39101918832
2025-10-29,aave-v3,38076998868
2025-10-30,aave-v3,37240395809
2025-10-31,aave-v3,36604726580
2025-11-01,aave-v3,36680879342
2025-11-02,aave-v3,36653646800
2025-11-03,aave-v3,36877472043
2025-11-04,aave-v3,34522227812
2025-11-05,aave-v3,31290889972
2025-11-06,aave-v3,31089685136
2025-11-07,aave-v3,30257292601
2025-11-08,aave-v3,30959924402
2025-11-09,aave-v3,30448234453
2025-11-10,aave-v3,31553944921
2025-11-11,aave-v3,32308544955
2025-11-12,aave-v3,31564881195
2025-11-13,aave-v3,31848109462
2025-11-14,aave-v3,32237966170
2025-11-15,aave-v3,31619319058
2025-11-16,aave-v3,31420051179
2025-11-17,aave-v3,29785571048
2025-11-18,aave-v3,29545467137
2025-11-19,aave-v3,30850803371
2025-11-20,aave-v3,30232574659
2025-11-21,aave-v3,29628857370
2025-11-22,aave-v3,29049573895
2025-11-23,aave-v3,27645322785
2025-11-24,aave-v3,29042106093
2025-11-25,aave-v3,30089488865
2025-11-26,aave-v3,30367206746
2025-11-27,aave-v3,30769096761
2025-11-28,aave-v3,30833317625
2025-11-29,aave-v3,30908647673
2025-11-30,aave-v3,30342705447
2025-12-01,aave-v3,30263664841
2025-12-02,aave-v3,29042655849
2025-12-03,aave-v3,29729218959
2025-12-04,aave-v3,31101329886
2025-12-05,aave-v3,30777646928
2025-12-06,aave-v3,31035927975
2025-12-07,aave-v3,31076698096
2025-12-08,aave-v3,31199329231
2025-12-09,aave-v3,30782142595
2025-12-10,aave-v3,31983147315
2025-12-11,aave-v3,31562725101
2025-12-12,aave-v3,31371494568
2025-12-13,aave-v3,30416035022
2025-12-14,aave-v3,30693387546
2025-12-15,aave-v3,31330545729
2025-12-16,aave-v3,30421536004
2025-12-17,aave-v3,30981875893
2025-12-18,aave-v3,30095459789
2025-12-19,aave-v3,30213550276
2025-12-20,aave-v3,31123785190
2025-12-21,aave-v3,31305609334
2025-12-22,aave-v3,31625521936
2025-12-23,aave-v3,31298047702
2025-12-24,aave-v3,30976904743
2025-12-25,aave-v3,30897644994
2025-12-26,aave-v3,30589444467
2025-12-27,aave-v3,30693211142
2025-12-28,aave-v3,30934146768
2025-12-29,aave-v3,30999240192
2025-12-30,aave-v3,30192694583
2025-12-31,aave-v3,29894738038
2026-01-01,aave-v3,30480485247
2026-01-02,aave-v3,31194396445
2026-01-03,aave-v3,31334971235
2026-01-04,aave-v3,32500207020
2026-01-05,aave-v3,32648276897
2026-01-06,aave-v3,33179606086
2026-01-07,aave-v3,33393009262
2026-01-08,aave-v3,32309791493
2026-01-09,aave-v3,31126107332
2026-01-10,aave-v3,31136231011
2026-01-11,aave-v3,31809702306
2026-01-12,aave-v3,32033682029
2026-01-13,aave-v3,31099174419
2026-01-14,aave-v3,33731432224
2026-01-15,aave-v3,34789100740
2026-01-16,aave-v3,34726575983
2026-01-17,aave-v3,34647432766
2026-01-18,aave-v3,34821783151
2026-01-19,aave-v3,34275023279
2026-01-20,aave-v3,34351418111
2026-01-21,aave-v3,31589714090
2026-01-22,aave-v3,32128163033
2026-01-23,aave-v3,31850254836
2026-01-24,aave-v3,31925514620
2026-01-25,aave-v3,32684475658
2026-01-26,aave-v3,31693594619
2026-01-27,aave-v3,32762802525
2026-01-28,aave-v3,33363832645
2026-01-29,aave-v3,33306105498
2026-01-30,aave-v3,31542645779
2026-01-31,aave-v3,30750557938
2026-02-01,aave-v3,28981321194
2026-02-02,aave-v3,27888631665
2026-02-03,aave-v3,28782997487
2026-02-04,aave-v3,28295929600
2026-02-05,aave-v3,27793045242
2026-02-06,aave-v3,25295084480
2026-02-07,aave-v3,26345987190
2026-02-08,aave-v3,27040833048
2026-02-09,aave-v3,27434512420
2026-02-10,aave-v3,27327821517
2026-02-11,aave-v3,26731309103
2026-02-12,aave-v3,26135325607
2026-02-13,aave-v3,26061154055
2026-02-14,aave-v3,26607365086
2026-02-15,aave-v3,26566995928
2026-02-16,aave-v3,26004031535
2026-02-17,aave-v3,26062742416
2026-02-18,aave-v3,25939652245
2026-02-19,aave-v3,24259216928
2026-02-20,aave-v3,24401882303
2026-02-21,aave-v3,23962531476
2026-02-22,aave-v3,23887081649
2026-02-23,aave-v3,24424606214
2026-02-24,aave-v3,23494076596
2026-02-25,aave-v3,23502000538
2026-02-26,aave-v3,24905398607
2026-02-27,aave-v3,24583413978
2026-02-28,aave-v3,23881448779
2026-03-01,aave-v3,24145628463
2026-03-02,aave-v3,23966848054
2026-03-03,aave-v3,24673002644
2026-03-04,aave-v3,24255711017
2026-03-05,aave-v3,25406273895
2026-03-06,aave-v3,24561896071
2026-03-07,aave-v3,23759110915
2026-03-08,aave-v3,23959836992
2026-03-09,aave-v3,23678520206
2026-03-10,aave-v3,24173019973
2026-03-11,aave-v3,24591218736
2026-03-12,aave-v3,24730031496
2026-03-13,aave-v3,25042451823
2026-03-14,aave-v3,25060411478
2026-03-15,aave-v3,25004070925
2026-03-16,aave-v3,25489123381
2026-03-17,aave-v3,26440235488
2026-03-18,aave-v3,26203197958
2026-03-19,aave-v3,24388019527
2026-03-20,aave-v3,23841839401
2026-03-21,aave-v3,24714343269
2026-03-22,aave-v3,24655337922
2026-03-23,aave-v3,24453681171
2026-03-24,aave-v3,25038891394
2026-03-25,aave-v3,25101019701
2026-03-26,aave-v3,24629528945
2026-03-27,aave-v3,24074712181
2026-03-28,aave-v3,23371979009
2026-03-29,aave-v3,23420283054
2026-03-30,aave-v3,23397931303
2026-03-31,aave-v3,23098676700
2026-04-01,aave-v3,23889789145
2026-04-02,aave-v3,23899048384
2026-04-03,aave-v3,23400500744
2026-04-04,aave-v3,23580912600
2026-04-05,aave-v3,23753590202
2026-04-06,aave-v3,24183560005
2026-04-07,aave-v3,23816813244
2026-04-07,aave-v3,24041217902
2022-08-19,morpho,49523622
2022-08-20,morpho,49531686
2022-08-21,morpho,49314506
2022-08-22,morpho,49596930
2022-08-23,morpho,46126576
2022-08-24,morpho,46384271
2022-08-25,morpho,41704416
2022-08-26,morpho,41790513
2022-08-27,morpho,42906090
2022-08-28,morpho,43778790
2022-08-29,morpho,43082494
2022-08-30,morpho,43805126
2022-08-31,morpho,43633701
2022-09-01,morpho,45965786
2022-09-02,morpho,46168678
2022-09-03,morpho,46761809
2022-09-04,morpho,46680389
2022-09-05,morpho,47053712
2022-09-06,morpho,49251440
2022-09-07,morpho,49965531
2022-09-08,morpho,43989234
2022-09-09,morpho,42801934
2022-09-10,morpho,42812426
2022-09-11,morpho,42420096
2022-09-12,morpho,42387739
2022-09-13,morpho,41428007
2022-09-14,morpho,29302511
2022-09-15,morpho,25128349
2022-09-16,morpho,32369684
2022-09-17,morpho,33034905
2022-09-18,morpho,36611602
2022-09-19,morpho,36967895
2022-09-20,morpho,37976059
2022-09-21,morpho,36619736
2022-09-22,morpho,35774642
2022-09-23,morpho,36175968
2022-09-24,morpho,34898073
2022-09-25,morpho,36276499
2022-09-26,morpho,37444819
2022-09-27,morpho,37125821
2022-09-28,morpho,36776420
2022-09-29,morpho,35117096
2022-09-30,morpho,34979248
2022-10-01,morpho,33857819
2022-10-02,morpho,33800873
2022-10-03,morpho,33525735
2022-10-04,morpho,36795377
2022-10-05,morpho,37014552
2022-10-06,morpho,39941521
2022-10-07,morpho,39942758
2022-10-08,morpho,51904418
2022-10-09,morpho,51569530
2022-10-10,morpho,51706918
2022-10-11,morpho,49235883
2022-10-12,morpho,48412253
2022-10-13,morpho,46951293
2022-10-14,morpho,46948556
2022-10-15,morpho,47572625
2022-10-16,morpho,47448710
2022-10-17,morpho,47563588
2022-10-18,morpho,47716751
2022-10-19,morpho,47020797
2022-10-20,morpho,46923503
2022-10-21,morpho,48064874
2022-10-22,morpho,48111850
2022-10-23,morpho,46769015
2022-10-24,morpho,46980965
2022-10-25,morpho,48934099
2022-10-26,morpho,52236732
2022-10-27,morpho,63595182
2022-10-28,morpho,61660480
2022-10-29,morpho,61977156
2022-10-30,morpho,62601139
2022-10-31,morpho,59946487
2022-11-01,morpho,57987352
2022-11-02,morpho,58267992
2022-11-03,morpho,63402108
2022-11-04,morpho,63538840
2022-11-05,morpho,63632217
2022-11-06,morpho,64241961
2022-11-07,morpho,64653933
2022-11-08,morpho,69950776
2022-11-09,morpho,67500829
2022-11-10,morpho,69106020
2022-11-11,morpho,84831388
2022-11-12,morpho,96667307
2022-11-13,morpho,105159610
2022-11-14,morpho,101203683
2022-11-15,morpho,97785999
2022-11-16,morpho,103898234
2022-11-17,morpho,101748321
2022-11-18,morpho,106776446
2022-11-19,morpho,111884262
2022-11-20,morpho,112589186
2022-11-21,morpho,111101599
2022-11-22,morpho,89167893
2022-11-23,morpho,96686344
2022-11-24,morpho,91539145
2022-11-25,morpho,92845671
2022-11-26,morpho,149561605
2022-11-27,morpho,151799030
2022-11-28,morpho,153456544
2022-11-29,morpho,154408538
2022-11-30,morpho,157910024
2022-12-01,morpho,164689516
2022-12-02,morpho,161006411
2022-12-03,morpho,161386583
2022-12-04,morpho,159783736
2022-12-05,morpho,166476476
2022-12-06,morpho,167956213
2022-12-07,morpho,167211831
2022-12-08,morpho,168077246
2022-12-09,morpho,178013282
2022-12-10,morpho,175568393
2022-12-11,morpho,176107298
2022-12-12,morpho,176999223
2022-12-13,morpho,176903052
2022-12-14,morpho,180920656
2022-12-15,morpho,180047268
2022-12-16,morpho,177798340
2022-12-17,morpho,169747561
2022-12-18,morpho,168006268
2022-12-19,morpho,168037729
2022-12-20,morpho,167152729
2022-12-21,morpho,171781849
2022-12-22,morpho,170322616
2022-12-23,morpho,169188159
2022-12-24,morpho,175722769
2022-12-25,morpho,184360320
2022-12-26,morpho,183076169
2022-12-27,morpho,182821719
2022-12-28,morpho,179961688
2022-12-29,morpho,179005500
2022-12-30,morpho,179593514
2022-12-31,morpho,181659425
2023-01-01,morpho,183297914
2023-01-02,morpho,184078495
2023-01-03,morpho,186946049
2023-01-04,morpho,183443939
2023-01-05,morpho,188102299
2023-01-06,morpho,187335566
2023-01-07,morpho,187140276
2023-01-08,morpho,185737829
2023-01-09,morpho,189016727
2023-01-10,morpho,192621236
2023-01-11,morpho,194101819
2023-01-12,morpho,202130976
2023-01-13,morpho,202233969
2023-01-14,morpho,215662462
2023-01-15,morpho,221055837
2023-01-16,morpho,228548722
2023-01-17,morpho,220144034
2023-01-18,morpho,218898348
2023-01-19,morpho,212049081
2023-01-20,morpho,213778552
2023-01-21,morpho,239735436
2023-01-22,morpho,238031277
2023-01-23,morpho,239419771
2023-01-24,morpho,220648167
2023-01-25,morpho,222462706
2023-01-26,morpho,217078571
2023-01-27,morpho,219827745
2023-01-28,morpho,220229898
2023-01-29,morpho,218764748
2023-01-30,morpho,225908128
2023-01-31,morpho,223973742
2023-02-01,morpho,227612319
2023-02-02,morpho,235342548
2023-02-03,morpho,232236835
2023-02-04,morpho,232125275
2023-02-05,morpho,230087700
2023-02-06,morpho,228567971
2023-02-07,morpho,234824308
2023-02-08,morpho,239087276
2023-02-09,morpho,235499445
2023-02-10,morpho,224567332
2023-02-11,morpho,220171316
2023-02-12,morpho,223252017
2023-02-13,morpho,220391672
2023-02-14,morpho,253899074
2023-02-15,morpho,260709191
2023-02-16,morpho,276671518
2023-02-17,morpho,270242501
2023-02-18,morpho,278826260
2023-02-19,morpho,273844040
2023-02-20,morpho,274189672
2023-02-21,morpho,280686616
2023-02-22,morpho,285779514
2023-02-23,morpho,283801530
2023-02-24,morpho,286112763
2023-02-25,morpho,280585298
2023-02-26,morpho,283706504
2023-02-27,morpho,290416790
2023-02-28,morpho,288734115
2023-03-01,morpho,280877716
2023-03-02,morpho,289874319
2023-03-03,morpho,287476850
2023-03-04,morpho,270838280
2023-03-05,morpho,270023211
2023-03-06,morpho,270303042
2023-03-07,morpho,277520800
2023-03-08,morpho,275733853
2023-03-09,morpho,268574614
2023-03-10,morpho,263762831
2023-03-11,morpho,251847727
2023-03-12,morpho,174252348
2023-03-13,morpho,178480251
2023-03-14,morpho,170547493
2023-03-15,morpho,189365828
2023-03-16,morpho,171574674
2023-03-17,morpho,163916846
2023-03-18,morpho,174026772
2023-03-19,morpho,174197373
2023-03-20,morpho,172509607
2023-03-21,morpho,253701491
2023-03-22,morpho,261912255
2023-03-23,morpho,258432933
2023-03-24,morpho,260780885
2023-03-25,morpho,255476932
2023-03-26,morpho,256655433
2023-03-27,morpho,257933981
2023-03-28,morpho,253265906
2023-03-29,morpho,260920685
2023-03-30,morpho,260949217
2023-03-31,morpho,262727209
2023-04-01,morpho,263963382
2023-04-02,morpho,264730501
2023-04-03,morpho,271127586
2023-04-04,morpho,270540586
2023-04-05,morpho,284537320
2023-04-06,morpho,287716549
2023-04-07,morpho,299455069
2023-04-08,morpho,294547110
2023-04-09,morpho,296576103
2023-04-10,morpho,297879575
2023-04-11,morpho,306019235
2023-04-12,morpho,309592606
2023-04-13,morpho,306101169
2023-04-14,morpho,335272993
2023-04-15,morpho,328990777
2023-04-16,morpho,328430781
2023-04-17,morpho,329016934
2023-04-18,morpho,319338843
2023-04-19,morpho,334802756
2023-04-20,morpho,310562576
2023-04-21,morpho,310467692
2023-04-22,morpho,311055833
2023-04-23,morpho,324450529
2023-04-24,morpho,324191062
2023-04-25,morpho,323347364
2023-04-26,morpho,328387197
2023-04-27,morpho,334013041
2023-04-28,morpho,329220175
2023-04-29,morpho,327580677
2023-04-30,morpho,328167061
2023-05-01,morpho,325423352
2023-05-02,morpho,324018346
2023-05-03,morpho,331266365
2023-05-04,morpho,335484735
2023-05-05,morpho,335323497
2023-05-06,morpho,355350432
2023-05-07,morpho,341669956
2023-05-08,morpho,344838690
2023-05-09,morpho,336930108
2023-05-10,morpho,339007003
2023-05-11,morpho,335303491
2023-05-12,morpho,328891285
2023-05-13,morpho,333680771
2023-05-14,morpho,330784027
2023-05-15,morpho,329591649
2023-05-16,morpho,334111865
2023-05-17,morpho,336676611
2023-05-18,morpho,329841380
2023-05-19,morpho,326507347
2023-05-20,morpho,321690933
2023-05-21,morpho,325923337
2023-05-22,morpho,321810586
2023-05-23,morpho,326947617
2023-05-24,morpho,328247929
2023-05-25,morpho,321743959
2023-05-26,morpho,325266443
2023-05-27,morpho,329229909
2023-05-28,morpho,331986320
2023-05-29,morpho,345144383
2023-05-30,morpho,337422626
2023-05-31,morpho,339052759
2023-06-01,morpho,337378002
2023-06-02,morpho,338236710
2023-06-03,morpho,323112243
2023-06-04,morpho,320411121
2023-06-05,morpho,318920450
2023-06-06,morpho,306376896
2023-06-07,morpho,321547094
2023-06-08,morpho,311699168
2023-06-09,morpho,325140795
2023-06-10,morpho,345549879
2023-06-11,morpho,333322250
2023-06-12,morpho,333761849
2023-06-13,morpho,334052367
2023-06-14,morpho,337243430
2023-06-15,morpho,327662234
2023-06-16,morpho,305571919
2023-06-17,morpho,295126739
2023-06-18,morpho,302402046
2023-06-19,morpho,321933440
2023-06-20,morpho,324295888
2023-06-21,morpho,337549647
2023-06-22,morpho,342439154
2023-06-23,morpho,337275640
2023-06-24,morpho,336530842
2023-06-25,morpho,335212910
2023-06-26,morpho,337704012
2023-06-27,morpho,331925109
2023-06-28,morpho,326706518
2023-06-29,morpho,325386085
2023-06-30,morpho,331972053
2023-07-01,morpho,331233813
2023-07-02,morpho,328071386
2023-07-03,morpho,437342143
2023-07-04,morpho,445466637
2023-07-05,morpho,439102582
2023-07-06,morpho,435932161
2023-07-07,morpho,424603737
2023-07-08,morpho,430957125
2023-07-09,morpho,428496222
2023-07-10,morpho,426703673
2023-07-11,morpho,428482634
2023-07-12,morpho,429975265
2023-07-13,morpho,425179036
2023-07-14,morpho,453667922
2023-07-15,morpho,438851963
2023-07-16,morpho,439215210
2023-07-17,morpho,435263488
2023-07-18,morpho,436994153
2023-07-19,morpho,432396820
2023-07-20,morpho,427479010
2023-07-21,morpho,432152876
2023-07-22,morpho,434000205
2023-07-23,morpho,428437578
2023-07-24,morpho,452184563
2023-07-25,morpho,435899606
2023-07-26,morpho,437987687
2023-07-27,morpho,439942122
2023-07-28,morpho,437852615
2023-07-29,morpho,428763657
2023-07-30,morpho,428594117
2023-07-31,morpho,391403906
2023-08-01,morpho,392555095
2023-08-02,morpho,437540234
2023-08-03,morpho,426066442
2023-08-04,morpho,431553752
2023-08-05,morpho,425105308
2023-08-06,morpho,426410960
2023-08-07,morpho,424904536
2023-08-08,morpho,433168320
2023-08-09,morpho,439028303
2023-08-10,morpho,438199622
2023-08-11,morpho,437645928
2023-08-12,morpho,453340299
2023-08-13,morpho,453253684
2023-08-14,morpho,451054184
2023-08-15,morpho,450587146
2023-08-16,morpho,447461591
2023-08-17,morpho,439561881
2023-08-18,morpho,414001334
2023-08-19,morpho,467671388
2023-08-20,morpho,461906896
2023-08-21,morpho,469961129
2023-08-22,morpho,459538998
2023-08-23,morpho,450444704
2023-08-24,morpho,461651245
2023-08-25,morpho,456726392
2023-08-26,morpho,455154845
2023-08-27,morpho,453739523
2023-08-28,morpho,460827384
2023-08-29,morpho,453840619
2023-08-30,morpho,472995618
2023-08-31,morpho,467746223
2023-09-01,morpho,458244837
2023-09-02,morpho,454674169
2023-09-03,morpho,455797328
2023-09-04,morpho,452681711
2023-09-05,morpho,452550757
2023-09-06,morpho,447649791
2023-09-07,morpho,450714184
2023-09-08,morpho,459508588
2023-09-09,morpho,453582666
2023-09-10,morpho,456674223
2023-09-11,morpho,452243583
2023-09-12,morpho,436009314
2023-09-13,morpho,441795941
2023-09-14,morpho,447559443
2023-09-15,morpho,451800250
2023-09-16,morpho,460671877
2023-09-17,morpho,456503516
2023-09-18,morpho,458491440
2023-09-19,morpho,465105040
2023-09-20,morpho,466177505
2023-09-21,morpho,463280229
2023-09-22,morpho,451548241
2023-09-23,morpho,454204781
2023-09-24,morpho,452833989
2023-09-25,morpho,447097096
2023-09-26,morpho,448406850
2023-09-27,morpho,450485965
2023-09-28,morpho,457751172
2023-09-29,morpho,470975751
2023-09-30,morpho,477249398
2023-10-01,morpho,482404100
2023-10-02,morpho,496746757
2023-10-03,morpho,481265283
2023-10-04,morpho,478806975
2023-10-05,morpho,479840784
2023-10-06,morpho,474924612
2023-10-07,morpho,483656557
2023-10-08,morpho,481626244
2023-10-09,morpho,480506439
2023-10-10,morpho,468516904
2023-10-11,morpho,464676182
2023-10-12,morpho,465724944
2023-10-13,morpho,378803874
2023-10-14,morpho,406281795
2023-10-15,morpho,406858185
2023-10-16,morpho,408817530
2023-10-17,morpho,415779124
2023-10-18,morpho,400151011
2023-10-19,morpho,372532960
2023-10-20,morpho,376716695
2023-10-21,morpho,385259290
2023-10-22,morpho,392568680
2023-10-23,morpho,429730822
2023-10-24,morpho,466957241
2023-10-25,morpho,462909858
2023-10-26,morpho,475038359
2023-10-27,morpho,475327897
2023-10-28,morpho,473090530
2023-10-29,morpho,456395520
2023-10-30,morpho,460158450
2023-10-31,morpho,483437644
2023-11-01,morpho,478021928
2023-11-02,morpho,477970712
2023-11-03,morpho,426517499
2023-11-04,morpho,461152672
2023-11-05,morpho,479766642
2023-11-06,morpho,478777862
2023-11-07,morpho,483042696
2023-11-08,morpho,482310427
2023-11-09,morpho,483773183
2023-11-10,morpho,532289676
2023-11-11,morpho,527410623
2023-11-12,morpho,522771360
2023-11-13,morpho,521706054
2023-11-14,morpho,517361634
2023-11-15,morpho,516541141
2023-11-16,morpho,526138175
2023-11-17,morpho,503274390
2023-11-18,morpho,509625376
2023-11-19,morpho,515061378
2023-11-20,morpho,525565241
2023-11-21,morpho,528839883
2023-11-22,morpho,498169982
2023-11-23,morpho,533267823
2023-11-24,morpho,531224375
2023-11-25,morpho,531839814
2023-11-26,morpho,531612957
2023-11-27,morpho,520466748
2023-11-28,morpho,511434167
2023-11-29,morpho,519512521
2023-11-30,morpho,513928165
2023-12-01,morpho,520906182
2023-12-02,morpho,530237101
2023-12-03,morpho,549965953
2023-12-04,morpho,561542315
2023-12-05,morpho,574275833
2023-12-06,morpho,589197952
2023-12-07,morpho,574447487
2023-12-08,morpho,601378827
2023-12-09,morpho,601966743
2023-12-10,morpho,600371994
2023-12-11,morpho,600942658
2023-12-12,morpho,573744859
2023-12-13,morpho,568837988
2023-12-14,morpho,586124868
2023-12-15,morpho,599047187
2023-12-16,morpho,575482065
2023-12-17,morpho,576450098
2023-12-18,morpho,566662719
2023-12-19,morpho,576196546
2023-12-20,morpho,566270397
2023-12-21,morpho,568129650
2023-12-22,morpho,577462365
2023-12-23,morpho,597824973
2023-12-24,morpho,604384680
2023-12-25,morpho,590572005
2023-12-26,morpho,596554149
2023-12-27,morpho,584954860
2023-12-28,morpho,629142265
2023-12-29,morpho,611665454
2023-12-30,morpho,601093588
2023-12-31,morpho,598605739
2024-01-01,morpho,597762121
2024-01-02,morpho,625848219
2024-01-03,morpho,618737490
2024-01-04,morpho,591922502
2024-01-05,morpho,605243754
2024-01-06,morpho,603390415
2024-01-07,morpho,600382142
2024-01-08,morpho,595879893
2024-01-09,morpho,618827969
2024-01-10,morpho,620125219
2024-01-11,morpho,673400736
2024-01-12,morpho,679679635
2024-01-13,morpho,658589343
2024-01-14,morpho,683170538
2024-01-15,morpho,665459022
2024-01-16,morpho,673474534
2024-01-17,morpho,696584094
2024-01-18,morpho,680454147
2024-01-19,morpho,669334986
2024-01-20,morpho,678434780
2024-01-21,morpho,671939183
2024-01-22,morpho,653662560
2024-01-23,morpho,632004084
2024-01-24,morpho,687208208
2024-01-25,morpho,686836407
2024-01-26,morpho,683248353
2024-01-27,morpho,701993495
2024-01-28,morpho,701926615
2024-01-29,morpho,699176088
2024-01-30,morpho,702567980
2024-01-31,morpho,704130825
2024-02-01,morpho,686291626
2024-02-02,morpho,691470843
2024-02-03,morpho,692948872
2024-02-04,morpho,686491973
2024-02-05,morpho,679596683
2024-02-06,morpho,682274952
2024-02-07,morpho,683557816
2024-02-08,morpho,699681028
2024-02-09,morpho,702263014
2024-02-10,morpho,724135297
2024-02-11,morpho,734279165
2024-02-12,morpho,738642253
2024-02-13,morpho,763274850
2024-02-14,morpho,776485065
2024-02-15,morpho,820266734
2024-02-16,morpho,830542414
2024-02-17,morpho,825946300
2024-02-18,morpho,825457749
2024-02-19,morpho,853174148
2024-02-20,morpho,868328427
2024-02-21,morpho,881948982
2024-02-22,morpho,869707779
2024-02-23,morpho,860329954
2024-02-24,morpho,849407967
2024-02-25,morpho,866714024
2024-02-26,morpho,893526319
2024-02-27,morpho,923474009
2024-02-28,morpho,948397146
2024-02-29,morpho,1027138000
2024-03-01,morpho,1012618253
2024-03-02,morpho,1036677056
2024-03-03,morpho,1027309748
2024-03-04,morpho,1055060894
2024-03-05,morpho,1091305207
2024-03-06,morpho,1069797721
2024-03-07,morpho,1141913537
2024-03-08,morpho,1148963053
2024-03-09,morpho,1158390135
2024-03-10,morpho,1163457809
2024-03-11,morpho,1179681483
2024-03-12,morpho,1214222550
2024-03-13,morpho,1157561187
2024-03-14,morpho,1170930264
2024-03-15,morpho,1154803610
2024-03-16,morpho,1115120658
2024-03-17,morpho,1049463926
2024-03-18,morpho,1080221742
2024-03-19,morpho,1048328874
2024-03-20,morpho,932530027
2024-03-21,morpho,1016490693
2024-03-22,morpho,1003967051
2024-03-23,morpho,976747329
2024-03-24,morpho,994699798
2024-03-25,morpho,1021422901
2024-03-26,morpho,1075092287
2024-03-27,morpho,1077030008
2024-03-28,morpho,1062797029
2024-03-29,morpho,1075697338
2024-03-30,morpho,1180845864
2024-03-31,morpho,1204741320
2024-04-01,morpho,1246929011
2024-04-02,morpho,1210476152
2024-04-03,morpho,1135532924
2024-04-04,morpho,1147476379
2024-04-05,morpho,1177317440
2024-04-06,morpho,1207991259
2024-04-07,morpho,1217233062
2024-04-08,morpho,1226680314
2024-04-09,morpho,1407983550
2024-04-10,morpho,1352916174
2024-04-11,morpho,1377659546
2024-04-12,morpho,1370401437
2024-04-13,morpho,1431309739
2024-04-14,morpho,1349617573
2024-04-15,morpho,1406032560
2024-04-16,morpho,1394852868
2024-04-17,morpho,1404731982
2024-04-18,morpho,1393436349
2024-04-19,morpho,1428561672
2024-04-20,morpho,1443795848
2024-04-21,morpho,1471317670
2024-04-22,morpho,1505094410
2024-04-23,morpho,1529425876
2024-04-24,morpho,1550167605
2024-04-25,morpho,1529568914
2024-04-26,morpho,1536579444
2024-04-27,morpho,1524218595
2024-04-28,morpho,1543429736
2024-04-29,morpho,1538095678
2024-04-30,morpho,1505567875
2024-05-01,morpho,1446441804
2024-05-02,morpho,1441411875
2024-05-03,morpho,1492228306
2024-05-04,morpho,1538745383
2024-05-05,morpho,1543646286
2024-05-06,morpho,1556700938
2024-05-07,morpho,1544164816
2024-05-08,morpho,1530327200
2024-05-09,morpho,1510352700
2024-05-10,morpho,1533010363
2024-05-11,morpho,1489686968
2024-05-12,morpho,1495277593
2024-05-13,morpho,1494073980
2024-05-14,morpho,1490802013
2024-05-15,morpho,1467360301
2024-05-16,morpho,1518572318
2024-05-17,morpho,1487645113
2024-05-18,morpho,1542400575
2024-05-19,morpho,1551986300
2024-05-20,morpho,1536577159
2024-05-21,morpho,1745726425
2024-05-22,morpho,1785431437
2024-05-23,morpho,1769557671
2024-05-24,morpho,1779996694
2024-05-25,morpho,1777450021
2024-05-26,morpho,1785133914
2024-05-27,morpho,1803271377
2024-05-28,morpho,1868342746
2024-05-29,morpho,1856923971
2024-05-30,morpho,1838943333
2024-05-31,morpho,1839654815
2024-06-01,morpho,1845105824
2024-06-02,morpho,1835777897
2024-06-03,morpho,1832826643
2024-06-04,morpho,1822951962
2024-06-05,morpho,1842833889
2024-06-06,morpho,1905688640
2024-06-07,morpho,1883000088
2024-06-08,morpho,1907628316
2024-06-09,morpho,1904215000
2024-06-10,morpho,1907200509
2024-06-11,morpho,1900551344
2024-06-12,morpho,1855655662
2024-06-13,morpho,1875420896
2024-06-14,morpho,1841536137
2024-06-15,morpho,1834451346
2024-06-16,morpho,1865635764
2024-06-17,morpho,1896340788
2024-06-18,morpho,1861462379
2024-06-19,morpho,1850402944
2024-06-20,morpho,1881840790
2024-06-21,morpho,1877618184
2024-06-22,morpho,1857731230
2024-06-23,morpho,1854583779
2024-06-24,morpho,1831974514
2024-06-25,morpho,1803603424
2024-06-26,morpho,1830329094
2024-06-27,morpho,1823745876
2024-06-28,morpho,1857305175
2024-06-29,morpho,1841717001
2024-06-30,morpho,1840097016
2024-07-01,morpho,1865287166
2024-07-02,morpho,1881752848
2024-07-03,morpho,1836939513
2024-07-04,morpho,1789199837
2024-07-05,morpho,1773406186
2024-07-06,morpho,1708954089
2024-07-07,morpho,1745133377
2024-07-08,morpho,1709409899
2024-07-09,morpho,1729596545
2024-07-10,morpho,1749334048
2024-07-11,morpho,1767489104
2024-07-12,morpho,1777060187
2024-07-13,morpho,1786007776
2024-07-14,morpho,1802672408
2024-07-15,morpho,1835155105
2024-07-16,morpho,1911078236
2024-07-17,morpho,1904170767
2024-07-18,morpho,1884253576
2024-07-19,morpho,1879706733
2024-07-20,morpho,1913361669
2024-07-21,morpho,1914604815
2024-07-22,morpho,1912420126
2024-07-23,morpho,1884295197
2024-07-24,morpho,1887265515
2024-07-25,morpho,1783371946
2024-07-26,morpho,1737274532
2024-07-27,morpho,1786273142
2024-07-28,morpho,1796726176
2024-07-29,morpho,1798210672
2024-07-30,morpho,1817275835
2024-07-31,morpho,1796267154
2024-08-01,morpho,1767575102
2024-08-02,morpho,1754272247
2024-08-03,morpho,1700610286
2024-08-04,morpho,1666716970
2024-08-05,morpho,1603764657
2024-08-06,morpho,1488905124
2024-08-07,morpho,1533198299
2024-08-08,morpho,1481821109
2024-08-09,morpho,1565589866
2024-08-10,morpho,1574864860
2024-08-11,morpho,1579001933
2024-08-12,morpho,1558400619
2024-08-13,morpho,1596699421
2024-08-14,morpho,1616463828
2024-08-15,morpho,1577516851
2024-08-16,morpho,1544608170
2024-08-17,morpho,1562441248
2024-08-18,morpho,1558622404
2024-08-19,morpho,1574128337
2024-08-20,morpho,1494810157
2024-08-21,morpho,1461058372
2024-08-22,morpho,1473771543
2024-08-23,morpho,1470797430
2024-08-24,morpho,1530475379
2024-08-25,morpho,1515844316
2024-08-26,morpho,1527032049
2024-08-27,morpho,1482665145
2024-08-28,morpho,1405095040
2024-08-29,morpho,1424098650
2024-08-30,morpho,1417927132
2024-08-31,morpho,1421298817
2024-09-01,morpho,1420670428
2024-09-02,morpho,1409140829
2024-09-03,morpho,1425873863
2024-09-04,morpho,1418748276
2024-09-05,morpho,1426178659
2024-09-06,morpho,1391108623
2024-09-07,morpho,1332987363
2024-09-08,morpho,1340604655
2024-09-09,morpho,1347894929
2024-09-10,morpho,1376932977
2024-09-11,morpho,1376223461
2024-09-12,morpho,1374622552
2024-09-13,morpho,1372722789
2024-09-14,morpho,1405121105
2024-09-15,morpho,1399416892
2024-09-16,morpho,1381224795
2024-09-17,morpho,1360191959
2024-09-18,morpho,1381704743
2024-09-19,morpho,1370691950
2024-09-20,morpho,1419264812
2024-09-21,morpho,1423967811
2024-09-22,morpho,1431489341
2024-09-23,morpho,1437241781
2024-09-24,morpho,1465577777
2024-09-25,morpho,1476122680
2024-09-26,morpho,1455783289
2024-09-27,morpho,1486253372
2024-09-28,morpho,1512365037
2024-09-29,morpho,1506080956
2024-09-30,morpho,1493243863
2024-10-01,morpho,1478239241
2024-10-02,morpho,1435963176
2024-10-03,morpho,1407178132
2024-10-04,morpho,1385912294
2024-10-05,morpho,1424600588
2024-10-06,morpho,1313200925
2024-10-07,morpho,1318415572
2024-10-08,morpho,1327212656
2024-10-09,morpho,1323122031
2024-10-10,morpho,1303618506
2024-10-11,morpho,1319000681
2024-10-12,morpho,1337471910
2024-10-13,morpho,1339299091
2024-10-14,morpho,1333901960
2024-10-15,morpho,1352309934
2024-10-16,morpho,1346338553
2024-10-17,morpho,1348700604
2024-10-18,morpho,1350308074
2024-10-19,morpho,1361685595
2024-10-20,morpho,1371684371
2024-10-21,morpho,1395811342
2024-10-22,morpho,1383814187
2024-10-23,morpho,1474408292
2024-10-24,morpho,1441940465
2024-10-25,morpho,1452297005
2024-10-26,morpho,1445010609
2024-10-27,morpho,1455822976
2024-10-28,morpho,1470295026
2024-10-29,morpho,1469547981
2024-10-30,morpho,1495348047
2024-10-31,morpho,1523065162
2024-11-01,morpho,1495748094
2024-11-02,morpho,1495277031
2024-11-03,morpho,1494059830
2024-11-04,morpho,1459473171
2024-11-05,morpho,1446839000
2024-11-06,morpho,1461773729
2024-11-07,morpho,1591026862
2024-11-08,morpho,1630499884
2024-11-09,morpho,1644170949
2024-11-10,morpho,1683927682
2024-11-11,morpho,1704944148
2024-11-12,morpho,1794659728
2024-11-13,morpho,1755186100
2024-11-14,morpho,1730935559
2024-11-15,morpho,1679889423
2024-11-16,morpho,1700409844
2024-11-17,morpho,1789145819
2024-11-18,morpho,1769315414
2024-11-19,morpho,1768940542
2024-11-20,morpho,1872678892
2024-11-21,morpho,1969922836
2024-11-22,morpho,2130746719
2024-11-23,morpho,2166548276
2024-11-24,morpho,2189700221
2024-11-25,morpho,2205774894
2024-11-26,morpho,2260105691
2024-11-27,morpho,2301970463
2024-11-28,morpho,2454839820
2024-11-29,morpho,2443940219
2024-11-30,morpho,2473945132
2024-12-01,morpho,2558009700
2024-12-02,morpho,2565709291
2024-12-03,morpho,2624296398
2024-12-04,morpho,2684262052
2024-12-05,morpho,2774082193
2024-12-06,morpho,2732038853
2024-12-07,morpho,2875672934
2024-12-08,morpho,2911720196
2024-12-09,morpho,2942483786
2024-12-10,morpho,2843281182
2024-12-11,morpho,2838034285
2024-12-12,morpho,2952430561
2024-12-13,morpho,3023023219
2024-12-14,morpho,3049872844
2024-12-15,morpho,3082527542
2024-12-16,morpho,3111900687
2024-12-17,morpho,3203249517
2024-12-18,morpho,3188272638
2024-12-19,morpho,3095261212
2024-12-20,morpho,3139303332
2024-12-21,morpho,3216460766
2024-12-22,morpho,3243298133
2024-12-23,morpho,3197598248
2024-12-24,morpho,3184917239
2024-12-25,morpho,3230303021
2024-12-26,morpho,3318431563
2024-12-27,morpho,3284383150
2024-12-28,morpho,3251740773
2024-12-29,morpho,3296110070
2024-12-30,morpho,3262004902
2024-12-31,morpho,3252291593
2025-01-01,morpho,3213396546
2025-01-02,morpho,3292115483
2025-01-03,morpho,3454175718
2025-01-04,morpho,3520881266
2025-01-05,morpho,3581751561
2025-01-06,morpho,3639170354
2025-01-07,morpho,3686715460
2025-01-08,morpho,3755848841
2025-01-09,morpho,3756242402
2025-01-10,morpho,3689272139
2025-01-11,morpho,3724045252
2025-01-12,morpho,3823919231
2025-01-13,morpho,3667232671
2025-01-14,morpho,3597879083
2025-01-15,morpho,3683769248
2025-01-16,morpho,3762908350
2025-01-17,morpho,3729287530
2025-01-18,morpho,3959213231
2025-01-19,morpho,3941769394
2025-01-20,morpho,3845671767
2025-01-21,morpho,3845410821
2025-01-22,morpho,3945060615
2025-01-23,morpho,3922322474
2025-01-24,morpho,3982890704
2025-01-25,morpho,4052509988
2025-01-26,morpho,4065212893
2025-01-27,morpho,4057079884
2025-01-28,morpho,3918319590
2025-01-29,morpho,3919276004
2025-01-30,morpho,3994241073
2025-01-31,morpho,4083581006
2025-02-01,morpho,4087778693
2025-02-02,morpho,4052688039
2025-02-03,morpho,3861877024
2025-02-04,morpho,3890517663
2025-02-05,morpho,3758705326
2025-02-06,morpho,3757403216
2025-02-07,morpho,3757274101
2025-02-08,morpho,3736056862
2025-02-09,morpho,3704133103
2025-02-10,morpho,3708825309
2025-02-11,morpho,3798952098
2025-02-12,morpho,3802987356
2025-02-13,morpho,3899001044
2025-02-14,morpho,3937020782
2025-02-15,morpho,3967824784
2025-02-16,morpho,3967586123
2025-02-17,morpho,3917635296
2025-02-18,morpho,3945865261
2025-02-19,morpho,3925848515
2025-02-20,morpho,3975631156
2025-02-21,morpho,3928069208
2025-02-22,morpho,3774094511
2025-02-23,morpho,3818798913
2025-02-24,morpho,3647055583
2025-02-25,morpho,3375287261
2025-02-26,morpho,3302002466
2025-02-27,morpho,3215480005
2025-02-28,morpho,3274643979
2025-03-01,morpho,3185622564
2025-03-02,morpho,3208601889
2025-03-03,morpho,3362860362
2025-03-04,morpho,3211000358
2025-03-05,morpho,3206737627
2025-03-06,morpho,3247334389
2025-03-07,morpho,3211331045
2025-03-08,morpho,3191629760
2025-03-09,morpho,3197751185
2025-03-10,morpho,3076778508
2025-03-11,morpho,2998889870
2025-03-12,morpho,3122583094
2025-03-13,morpho,3142032502
2025-03-14,morpho,3091189143
2025-03-15,morpho,3125246713
2025-03-16,morpho,3113982411
2025-03-17,morpho,3112225354
2025-03-18,morpho,3120499378
2025-03-19,morpho,3106391131
2025-03-20,morpho,3238505313
2025-03-21,morpho,3100769980
2025-03-22,morpho,3101534465
2025-03-23,morpho,3116802193
2025-03-24,morpho,3213871495
2025-03-25,morpho,3255516094
2025-03-26,morpho,3236582882
2025-03-27,morpho,3257772861
2025-03-28,morpho,3157912393
2025-03-29,morpho,3001444700
2025-03-30,morpho,2947647314
2025-03-31,morpho,2889516552
2025-04-01,morpho,2963346743
2025-04-02,morpho,2964954404
2025-04-03,morpho,2889429808
2025-04-04,morpho,2975841786
2025-04-05,morpho,2950600839
2025-04-06,morpho,2926075318
2025-04-07,morpho,2749727345
2025-04-08,morpho,2746874530
2025-04-09,morpho,2650675262
2025-04-10,morpho,2714220945
2025-04-11,morpho,2575264773
2025-04-12,morpho,2569200478
2025-04-13,morpho,2601192677
2025-04-14,morpho,2597765836
2025-04-15,morpho,2622039036
2025-04-16,morpho,2627513588
2025-04-17,morpho,2618026924
2025-04-18,morpho,2602044946
2025-04-19,morpho,2564556423
2025-04-20,morpho,2587534227
2025-04-21,morpho,2593423645
2025-04-22,morpho,2591992621
2025-04-23,morpho,2786765295
2025-04-24,morpho,2795605168
2025-04-25,morpho,2766453725
2025-04-26,morpho,2791857857
2025-04-27,morpho,2805383063
2025-04-28,morpho,2810399587
2025-04-29,morpho,2777620983
2025-04-30,morpho,2799924084
2025-05-01,morpho,2781135764
2025-05-02,morpho,2807229534
2025-05-03,morpho,2876718324
2025-05-04,morpho,2882620143
2025-05-05,morpho,2873823670
2025-05-06,morpho,2787148875
2025-05-07,morpho,2803876745
2025-05-08,morpho,2803039847
2025-05-09,morpho,3027041482
2025-05-10,morpho,3089870346
2025-05-11,morpho,3202835641
2025-05-12,morpho,3212833438
2025-05-13,morpho,3209897093
2025-05-14,morpho,3317003083
2025-05-15,morpho,3294671733
2025-05-16,morpho,3351175435
2025-05-17,morpho,3346736444
2025-05-18,morpho,3352058900
2025-05-19,morpho,3401899780
2025-05-20,morpho,3454214676
2025-05-21,morpho,3481262704
2025-05-22,morpho,3550188244
2025-05-23,morpho,3634711198
2025-05-24,morpho,3608908611
2025-05-25,morpho,3621310003
2025-05-26,morpho,3664670848
2025-05-27,morpho,3718155635
2025-05-28,morpho,3753335076
2025-05-29,morpho,3735719669
2025-05-30,morpho,3712321987
2025-05-31,morpho,3709546291
2025-06-01,morpho,3715893830
2025-06-02,morpho,3757567390
2025-06-03,morpho,3603404875
2025-06-04,morpho,3719594802
2025-06-05,morpho,3791078468
2025-06-06,morpho,3709426863
2025-06-07,morpho,3888122429
2025-06-08,morpho,3928874994
2025-06-09,morpho,3925978696
2025-06-10,morpho,4085577224
2025-06-11,morpho,4159177717
2025-06-12,morpho,4179146141
2025-06-13,morpho,4062227290
2025-06-14,morpho,4013416726
2025-06-15,morpho,3996635567
2025-06-16,morpho,4010856900
2025-06-17,morpho,4045837050
2025-06-18,morpho,4218804912
2025-06-19,morpho,4233696952
2025-06-20,morpho,4241040535
2025-06-21,morpho,4153415172
2025-06-22,morpho,4116515414
2025-06-23,morpho,4038524193
2025-06-24,morpho,4183624839
2025-06-25,morpho,4222381989
2025-06-26,morpho,4218641766
2025-06-27,morpho,4216687097
2025-06-28,morpho,4152785780
2025-06-29,morpho,4177197066
2025-06-30,morpho,4199964733
2025-07-01,morpho,4219072993
2025-07-02,morpho,4321619844
2025-07-03,morpho,4457674195
2025-07-04,morpho,4529808775
2025-07-05,morpho,4478518707
2025-07-06,morpho,4519457435
2025-07-07,morpho,4574651899
2025-07-08,morpho,4545247779
2025-07-09,morpho,4582069903
2025-07-10,morpho,4738968490
2025-07-11,morpho,4869808140
2025-07-12,morpho,4975478415
2025-07-13,morpho,4994609317
2025-07-14,morpho,5077128005
2025-07-15,morpho,5105559070
2025-07-16,morpho,5114543730
2025-07-17,morpho,5331281240
2025-07-18,morpho,5431640799
2025-07-19,morpho,5349301085
2025-07-20,morpho,5369644680
2025-07-21,morpho,5449008139
2025-07-22,morpho,5565903655
2025-07-23,morpho,5650139023
2025-07-24,morpho,5607108177
2025-07-25,morpho,5683963382
2025-07-26,morpho,5938199304
2025-07-27,morpho,6010357207
2025-07-28,morpho,6094016218
2025-07-29,morpho,5953572979
2025-07-30,morpho,6036250049
2025-07-31,morpho,5995810628
2025-08-01,morpho,5897462415
2025-08-02,morpho,5756978569
2025-08-03,morpho,5746423157
2025-08-04,morpho,5836183388
2025-08-05,morpho,5958911465
2025-08-06,morpho,6031017335
2025-08-07,morpho,6086637049
2025-08-08,morpho,6247490499
2025-08-09,morpho,6275056805
2025-08-10,morpho,6424784863
2025-08-11,morpho,6502904580
2025-08-12,morpho,6427423125
2025-08-13,morpho,6612854154
2025-08-14,morpho,6659437242
2025-08-15,morpho,6357808269
2025-08-16,morpho,6374106925
2025-08-17,morpho,6486806264
2025-08-18,morpho,6550511708
2025-08-19,morpho,6463137390
2025-08-20,morpho,6491719557
2025-08-21,morpho,6636387323
2025-08-22,morpho,6604850212
2025-08-23,morpho,7059481365
2025-08-24,morpho,7130833682
2025-08-25,morpho,7117060810
2025-08-26,morpho,7036367354
2025-08-27,morpho,7338472833
2025-08-28,morpho,7354281722
2025-08-29,morpho,7448631668
2025-08-30,morpho,7386824314
2025-08-31,morpho,7403151106
2025-09-01,morpho,7416178586
2025-09-02,morpho,7437793798
2025-09-03,morpho,7538902571
2025-09-04,morpho,7643946135
2025-09-05,morpho,7732316429
2025-09-06,morpho,7682899090
2025-09-07,morpho,7693748773
2025-09-08,morpho,7729169823
2025-09-09,morpho,7822586038
2025-09-10,morpho,7937147784
2025-09-11,morpho,8116445055
2025-09-12,morpho,8135485016
2025-09-13,morpho,8355776222
2025-09-14,morpho,8510489044
2025-09-15,morpho,8454056174
2025-09-16,morpho,8295451907
2025-09-17,morpho,8548274693
2025-09-18,morpho,8522641705
2025-09-19,morpho,8140674965
2025-09-20,morpho,8082506794
2025-09-21,morpho,8248149083
2025-09-22,morpho,8134392593
2025-09-23,morpho,7554023809
2025-09-24,morpho,7347557314
2025-09-25,morpho,7476904967
2025-09-26,morpho,6877882421
2025-09-27,morpho,6993781961
2025-09-28,morpho,7054251669
2025-09-29,morpho,7158626855
2025-09-30,morpho,7211484214
2025-10-01,morpho,7129787094
2025-10-02,morpho,7323784917
2025-10-03,morpho,7592435141
2025-10-04,morpho,7748370563
2025-10-05,morpho,7849704007
2025-10-06,morpho,7905432571
2025-10-07,morpho,8049384389
2025-10-08,morpho,7884867148
2025-10-09,morpho,7993715219
2025-10-10,morpho,7886246192
2025-10-11,morpho,7174639575
2025-10-12,morpho,7067120408
2025-10-13,morpho,7436503979
2025-10-14,morpho,7578178191
2025-10-15,morpho,7573912911
2025-10-16,morpho,7445004055
2025-10-17,morpho,7303348152
2025-10-18,morpho,7268194197
2025-10-19,morpho,7379149145
2025-10-20,morpho,7513264573
2025-10-21,morpho,7608783672
2025-10-22,morpho,7449015125
2025-10-23,morpho,7449705081
2025-10-24,morpho,7536918854
2025-10-25,morpho,7648182924
2025-10-26,morpho,7751211152
2025-10-27,morpho,7935130368
2025-10-28,morpho,7894903305
2025-10-29,morpho,7804133567
2025-10-30,morpho,8385089034
2025-10-31,morpho,8323286296
2025-11-01,morpho,8413199245
2025-11-02,morpho,8371831507
2025-11-03,morpho,8364840057
2025-11-04,morpho,8154848173
2025-11-05,morpho,7447303273
2025-11-06,morpho,7411594767
2025-11-07,morpho,7223711949
2025-11-08,morpho,7180356123
2025-11-09,morpho,7161261652
2025-11-10,morpho,7382388920
2025-11-11,morpho,7315352619
2025-11-12,morpho,7074333430
2025-11-13,morpho,7031919627
2025-11-14,morpho,6820821563
2025-11-15,morpho,6669735958
2025-11-16,morpho,6770491724
2025-11-17,morpho,6710150578
2025-11-18,morpho,6536105483
2025-11-19,morpho,6483930673
2025-11-20,morpho,6323431391
2025-11-21,morpho,5841150943
2025-11-22,morpho,5513745141
2025-11-23,morpho,5553123562
2025-11-24,morpho,5669955815
2025-11-25,morpho,5879352600
2025-11-26,morpho,5823428543
2025-11-27,morpho,5941824586
2025-11-28,morpho,5954669523
2025-11-29,morpho,5916175157
2025-11-30,morpho,6009179334
2025-12-01,morpho,5928497628
2025-12-02,morpho,5672737679
2025-12-03,morpho,5986258493
2025-12-04,morpho,6135476308
2025-12-05,morpho,6001318906
2025-12-06,morpho,5755504476
2025-12-07,morpho,5753965382
2025-12-08,morpho,5805663828
2025-12-09,morpho,5775279583
2025-12-10,morpho,5839229405
2025-12-11,morpho,5703627937
2025-12-12,morpho,5736054581
2025-12-13,morpho,5697314572
2025-12-14,morpho,5720940041
2025-12-15,morpho,5649790854
2025-12-16,morpho,5401188491
2025-12-17,morpho,5453772854
2025-12-18,morpho,5358036075
2025-12-19,morpho,5338187495
2025-12-20,morpho,5554083618
2025-12-21,morpho,5561332747
2025-12-22,morpho,5570426311
2025-12-23,morpho,5593669278
2025-12-24,morpho,5595982823
2025-12-25,morpho,5643022218
2025-12-26,morpho,5718208773
2025-12-27,morpho,5656690682
2025-12-28,morpho,5675766484
2025-12-29,morpho,5696247683
2025-12-30,morpho,5610266178
2025-12-31,morpho,5685641876
2026-01-01,morpho,5878387012
2026-01-02,morpho,5933130063
2026-01-03,morpho,5956122276
2026-01-04,morpho,6057327439
2026-01-05,morpho,6058566274
2026-01-06,morpho,6319908731
2026-01-07,morpho,6267476151
2026-01-08,morpho,6225114346
2026-01-09,morpho,6195665971
2026-01-10,morpho,6361039571
2026-01-11,morpho,6293524471
2026-01-12,morpho,6350118932
2026-01-13,morpho,6296595937
2026-01-14,morpho,6698587152
2026-01-15,morpho,6689760096
2026-01-16,morpho,6776068749
2026-01-17,morpho,6783451204
2026-01-18,morpho,6917406449
2026-01-19,morpho,6755576501
2026-01-20,morpho,6729842168
2026-01-21,morpho,6398104590
2026-01-22,morpho,6546715867
2026-01-23,morpho,6568293917
2026-01-24,morpho,6606790254
2026-01-25,morpho,6548107938
2026-01-26,morpho,6397723512
2026-01-27,morpho,6578438680
2026-01-28,morpho,6688591314
2026-01-29,morpho,6699417126
2026-01-30,morpho,6449939020
2026-01-31,morpho,6494519289
2026-02-01,morpho,6172642510
2026-02-02,morpho,6062669107
2026-02-03,morpho,6074106288
2026-02-04,morpho,5963346800
2026-02-05,morpho,5873756676
2026-02-06,morpho,5317588302
2026-02-07,morpho,5796672529
2026-02-08,morpho,5768949205
2026-02-09,morpho,5870379551
2026-02-10,morpho,5863786984
2026-02-11,morpho,5739743503
2026-02-12,morpho,5708559614
2026-02-13,morpho,5659653684
2026-02-14,morpho,5720632499
2026-02-15,morpho,5809281571
2026-02-16,morpho,5711603392
2026-02-17,morpho,5769088316
2026-02-18,morpho,5683297356
2026-02-19,morpho,5605947959
2026-02-20,morpho,5604097509
2026-02-21,morpho,5652667824
2026-02-22,morpho,5642048372
2026-02-23,morpho,5567460403
2026-02-24,morpho,5434276921
2026-02-25,morpho,5484479162
2026-02-26,morpho,5728151344
2026-02-27,morpho,5697987907
2026-02-28,morpho,5674225744
2026-03-01,morpho,5770548390
2026-03-02,morpho,5706394239
2026-03-03,morpho,5897766756
2026-03-04,morpho,5834435454
2026-03-05,morpho,6406483113
2026-03-06,morpho,6507727848
2026-03-07,morpho,6417309350
2026-03-08,morpho,6413111019
2026-03-09,morpho,6356734864
2026-03-10,morpho,6583127867
2026-03-11,morpho,6673059122
2026-03-12,morpho,6759420816
2026-03-13,morpho,6904643168
2026-03-14,morpho,6814655876
2026-03-15,morpho,6847219840
2026-03-16,morpho,6954911326
2026-03-17,morpho,7080580785
2026-03-18,morpho,7027546218
2026-03-19,morpho,6836091807
2026-03-20,morpho,6699223146
2026-03-21,morpho,6799840848
2026-03-22,morpho,6803107888
2026-03-23,morpho,6445627019
2026-03-24,morpho,6613258093
2026-03-25,morpho,6727071085
2026-03-26,morpho,7025276732
2026-03-27,morpho,6851771823
2026-03-28,morpho,6699248515
2026-03-29,morpho,6733034476
2026-03-30,morpho,6743349129
2026-03-31,morpho,6783423783
2026-04-01,morpho,6751748185
2026-04-02,morpho,6891525587
2026-04-03,morpho,6685183965
2026-04-04,morpho,6844359441
2026-04-05,morpho,6884525419
2026-04-06,morpho,7029413634
2026-04-07,morpho,7001367054
2026-04-07,morpho,7041010091
