date,daily_fees_usd,daily_revenue_usd,daily_volume_usd,tvl_usd,month
2021-06-16,,,,899394,2021-06
2021-06-17,,,,9289971,2021-06
2021-06-18,,,,13943597,2021-06
2021-06-19,,,,16034858,2021-06
2021-06-20,,,,16523770,2021-06
2021-06-21,,,,16786200,2021-06
2021-06-22,,,,17425764,2021-06
2021-06-23,,,,18265282,2021-06
2021-06-24,,,,19476800,2021-06
2021-06-25,,,,19419798,2021-06
2021-06-26,,,,19591314,2021-06
2021-06-28,,,,19866287,2021-06
2021-07-26,,,,23971534,2021-07
2021-07-27,,,,23092173,2021-07
2021-07-28,,,,22879238,2021-07
2021-07-29,,,,22763374,2021-07
2021-07-30,,,,23001351,2021-07
2021-07-31,,,,23053916,2021-07
2021-08-01,,,,22358530,2021-08
2021-08-02,,,,23201895,2021-08
2021-08-03,,,,23540316,2021-08
2021-08-04,,,,23427982,2021-08
2021-08-05,,,,23390108,2021-08
2021-08-06,,,,23369454,2021-08
2021-08-07,,,,23378056,2021-08
2021-08-08,,,,23487767,2021-08
2021-08-09,,,,23084076,2021-08
2021-08-10,,,,23251744,2021-08
2021-08-11,,,,23095181,2021-08
2021-08-12,,,,23222534,2021-08
2021-08-13,,,,23231246,2021-08
2021-08-14,,,,23278335,2021-08
2021-08-15,,,,23321109,2021-08
2021-08-16,,,,23242662,2021-08
2021-08-17,,,,23661572,2021-08
2021-08-18,,,,23578882,2021-08
2021-08-19,,,,23608041,2021-08
2021-08-20,,,,25076715,2021-08
2021-08-21,,,,23263488,2021-08
2021-08-22,,,,25120398,2021-08
2021-08-23,,,,25408719,2021-08
2021-08-24,,,,26810938,2021-08
2021-08-25,,,,26728666,2021-08
2021-08-26,,,,26841116,2021-08
2021-08-27,,,,26853655,2021-08
2021-08-28,,,,26823760,2021-08
2021-08-29,,,,26772219,2021-08
2021-08-30,,,,26697631,2021-08
2021-08-31,,,,26917762,2021-08
2021-09-01,,,,26862336,2021-09
2021-09-02,,,,27020912,2021-09
2021-09-03,,,,27276288,2021-09
2021-09-04,,,,27315162,2021-09
2021-09-05,,,,27328491,2021-09
2021-09-06,,,,27434876,2021-09
2021-09-07,,,,26989359,2021-09
2021-09-08,,,,25759128,2021-09
2021-09-09,,,,24072875,2021-09
2021-09-10,,,,32122754,2021-09
2021-09-11,,,,32189710,2021-09
2021-09-12,,,,31863263,2021-09
2021-09-13,,,,33783945,2021-09
2021-09-14,,,,34321469,2021-09
2021-09-15,,,,35001778,2021-09
2021-09-16,,,,34728814,2021-09
2021-09-17,,,,34832658,2021-09
2021-09-18,,,,34896630,2021-09
2021-09-19,,,,34703357,2021-09
2021-09-20,,,,34237882,2021-09
2021-09-21,,,,33348836,2021-09
2021-09-22,,,,33808300,2021-09
2021-09-23,,,,33350860,2021-09
2021-09-24,,,,33301160,2021-09
2021-09-25,,,,33087797,2021-09
2021-09-26,,,,33203015,2021-09
2021-09-27,,,,33183633,2021-09
2021-09-28,,,,33003569,2021-09
2021-09-29,,,,38197355,2021-09
2021-09-30,,,,37728519,2021-09
2021-10-01,,,,34936184,2021-10
2021-10-02,,,,32355584,2021-10
2021-10-03,,,,32220018,2021-10
2021-10-04,,,,31719164,2021-10
2021-10-05,,,,30854736,2021-10
2021-10-06,,,,27141363,2021-10
2021-10-07,,,,26924217,2021-10
2021-10-08,,,,26964145,2021-10
2021-10-09,,,,26911523,2021-10
2021-10-10,,,,27005910,2021-10
2021-10-11,,,,27048987,2021-10
2021-10-12,,,,27151097,2021-10
2021-10-13,,,,27160665,2021-10
2021-10-14,,,,28748961,2021-10
2021-10-15,,,,28039339,2021-10
2021-10-16,,,,27222629,2021-10
2021-10-17,,,,27320962,2021-10
2021-10-18,,,,27335909,2021-10
2021-10-19,,,,26982349,2021-10
2021-10-20,,,,27215824,2021-10
2021-10-21,,,,27715622,2021-10
2021-10-22,,,,27231096,2021-10
2021-10-23,,,,27586953,2021-10
2021-10-24,,,,27926786,2021-10
2021-10-25,,,,27291726,2021-10
2021-10-26,,,,27478663,2021-10
2021-10-27,,,,27575640,2021-10
2021-10-28,,,,27410535,2021-10
2021-10-29,,,,28043830,2021-10
2021-10-30,,,,27659651,2021-10
2021-10-31,,,,27433551,2021-10
2021-11-01,,,,27267939,2021-11
2021-11-02,,,,27258709,2021-11
2021-11-03,,,,27599610,2021-11
2021-11-04,,,,27789064,2021-11
2021-11-05,,,,27639868,2021-11
2021-11-06,,,,26598243,2021-11
2021-11-07,,,,26606497,2021-11
2021-11-08,,,,26517756,2021-11
2021-11-09,,,,26658605,2021-11
2021-11-10,,,,26328880,2021-11
2021-11-11,,,,25737345,2021-11
2021-11-12,,,,25404766,2021-11
2021-11-13,,,,25241425,2021-11
2021-11-14,,,,23947982,2021-11
2021-11-15,,,,24061710,2021-11
2021-11-16,,,,23576505,2021-11
2021-11-17,,,,36483872,2021-11
2021-11-18,,,,37373519,2021-11
2021-11-19,,,,36645471,2021-11
2021-11-20,,,,37677542,2021-11
2021-11-21,,,,37524202,2021-11
2021-11-22,,,,37047086,2021-11
2021-11-23,,,,36308055,2021-11
2021-11-24,,,,36381630,2021-11
2021-11-25,,,,36189838,2021-11
2021-11-26,,,,36425264,2021-11
2021-11-27,,,,35204346,2021-11
2021-11-28,,,,35232009,2021-11
2021-11-29,,,,35516670,2021-11
2021-11-30,,,,35740200,2021-11
2021-12-01,,,,35992368,2021-12
2021-12-02,,,,36114941,2021-12
2021-12-03,,,,35562259,2021-12
2021-12-04,,,,35274267,2021-12
2021-12-05,,,,35008011,2021-12
2021-12-06,,,,34785360,2021-12
2021-12-07,,,,36083742,2021-12
2021-12-08,,,,36163405,2021-12
2021-12-09,,,,35878744,2021-12
2021-12-10,,,,35418982,2021-12
2021-12-11,,,,34873415,2021-12
2021-12-12,,,,34738748,2021-12
2021-12-13,,,,34635903,2021-12
2021-12-14,,,,34380309,2021-12
2021-12-15,,,,34446446,2021-12
2021-12-16,,,,34817010,2021-12
2021-12-17,,,,34731480,2021-12
2021-12-18,,,,34742152,2021-12
2021-12-19,,,,34910345,2021-12
2021-12-20,,,,34404281,2021-12
2021-12-21,,,,34407133,2021-12
2021-12-22,,,,33851390,2021-12
2021-12-23,,,,33827929,2021-12
2021-12-24,,,,33788153,2021-12
2021-12-25,,,,33565851,2021-12
2021-12-26,,,,33372342,2021-12
2021-12-27,,,,33060037,2021-12
2021-12-28,,,,32722947,2021-12
2021-12-29,,,,32665718,2021-12
2021-12-30,,,,34358469,2021-12
2021-12-31,,,,34125935,2021-12
2022-01-01,,,,33833141,2022-01
2022-01-02,,,,33852131,2022-01
2022-01-03,,,,33830968,2022-01
2022-01-04,,,,33588387,2022-01
2022-01-05,,,,33770406,2022-01
2022-01-06,,,,34460801,2022-01
2022-01-07,,,,36005314,2022-01
2022-01-08,,,,35492607,2022-01
2022-01-09,,,,34605724,2022-01
2022-01-10,,,,34969533,2022-01
2022-01-11,,,,34655858,2022-01
2022-01-12,,,,35308604,2022-01
2022-01-13,,,,35977752,2022-01
2022-01-14,,,,35881205,2022-01
2022-01-15,,,,36255934,2022-01
2022-01-16,,,,36338501,2022-01
2022-01-17,,,,35721452,2022-01
2022-01-18,,,,33810880,2022-01
2022-01-19,,,,33748964,2022-01
2022-01-20,,,,33086497,2022-01
2022-01-21,,,,32821950,2022-01
2022-01-22,,,,31897407,2022-01
2022-01-23,,,,31402780,2022-01
2022-01-24,,,,31274624,2022-01
2022-01-25,,,,30957823,2022-01
2022-01-26,,,,30063220,2022-01
2022-01-27,,,,30170409,2022-01
2022-01-28,,,,29201227,2022-01
2022-01-29,,,,29749905,2022-01
2022-01-30,,,,29689301,2022-01
2022-01-31,,,,29353503,2022-01
2022-02-01,,,,29556736,2022-02
2022-02-02,,,,29738854,2022-02
2022-02-03,,,,29355466,2022-02
2022-02-04,,,,28985021,2022-02
2022-02-05,,,,29523845,2022-02
2022-02-06,,,,29519461,2022-02
2022-02-07,,,,29371414,2022-02
2022-02-08,,,,28285720,2022-02
2022-02-09,,,,28291424,2022-02
2022-02-10,,,,28499123,2022-02
2022-02-11,,,,28334869,2022-02
2022-02-12,,,,28058901,2022-02
2022-02-13,,,,28098525,2022-02
2022-02-14,,,,27993864,2022-02
2022-02-15,,,,22649450,2022-02
2022-02-16,,,,21547545,2022-02
2022-02-17,,,,21483650,2022-02
2022-02-18,,,,20972613,2022-02
2022-02-19,,,,20861980,2022-02
2022-02-20,,,,20490796,2022-02
2022-02-21,,,,20245645,2022-02
2022-02-22,,,,18456783,2022-02
2022-02-23,,,,18206414,2022-02
2022-02-24,,,,17994227,2022-02
2022-02-25,,,,17458882,2022-02
2022-02-26,,,,16420396,2022-02
2022-02-27,,,,16312931,2022-02
2022-02-28,,,,16170583,2022-02
2022-03-01,,,,16328684,2022-03
2022-03-02,,,,7868425,2022-03
2022-03-03,,,,7849522,2022-03
2022-03-04,,,,7811043,2022-03
2022-03-05,,,,7749278,2022-03
2022-03-06,,,,7751042,2022-03
2022-03-07,,,,7697571,2022-03
2022-03-08,,,,7624874,2022-03
2022-03-09,,,,7692237,2022-03
2022-03-10,,,,7678774,2022-03
2022-03-11,,,,7633657,2022-03
2022-03-12,,,,7584789,2022-03
2022-03-13,,,,7579925,2022-03
2022-03-14,,,,7552630,2022-03
2022-03-15,,,,7573087,2022-03
2022-03-16,,,,7570472,2022-03
2022-03-17,,,,7615927,2022-03
2022-03-18,,,,7657959,2022-03
2022-03-19,,,,7691152,2022-03
2022-03-20,,,,7711803,2022-03
2022-03-21,,,,7669300,2022-03
2022-03-22,,,,7664634,2022-03
2022-03-23,,,,7668718,2022-03
2022-03-24,,,,7660799,2022-03
2022-03-25,,,,7561582,2022-03
2022-03-26,,,,7538761,2022-03
2022-03-27,,,,7534191,2022-03
2022-03-28,,,,7585668,2022-03
2022-03-29,,,,7588471,2022-03
2022-03-30,,,,7604383,2022-03
2022-03-31,,,,7691177,2022-03
2022-04-01,,,,7663238,2022-04
2022-04-02,,,,7676608,2022-04
2022-04-03,,,,6230708,2022-04
2022-04-04,,,,6248477,2022-04
2022-04-05,,,,6237586,2022-04
2022-04-06,,,,6188323,2022-04
2022-04-07,,,,6114987,2022-04
2022-04-08,,,,5717332,2022-04
2022-04-09,,,,5603680,2022-04
2022-04-10,,,,5637736,2022-04
2022-04-11,,,,5611829,2022-04
2022-04-12,,,,5535884,2022-04
2022-04-13,,,,5554386,2022-04
2022-04-14,,,,5529066,2022-04
2022-04-15,,,,5504344,2022-04
2022-04-16,,,,5503846,2022-04
2022-04-17,,,,5501488,2022-04
2022-04-18,,,,5484402,2022-04
2022-04-19,,,,5489198,2022-04
2022-04-20,,,,5512630,2022-04
2022-04-21,,,,5507291,2022-04
2022-04-22,,,,5412749,2022-04
2022-04-23,,,,5398705,2022-04
2022-04-24,,,,5403741,2022-04
2022-04-25,,,,5357279,2022-04
2022-04-26,,,,5379940,2022-04
2022-04-27,,,,5331417,2022-04
2022-04-28,,,,5345902,2022-04
2022-04-29,,,,5352125,2022-04
2022-04-30,,,,5303584,2022-04
2022-05-01,,,,5273941,2022-05
2022-05-02,,,,5294041,2022-05
2022-05-03,,,,5302425,2022-05
2022-05-04,,,,5303943,2022-05
2022-05-05,,,,5360579,2022-05
2022-05-06,,,,5304330,2022-05
2022-05-07,,,,5281131,2022-05
2022-05-08,,,,4844944,2022-05
2022-05-09,,,,4387771,2022-05
2022-05-10,,,,4311532,2022-05
2022-05-11,,,,4332355,2022-05
2022-05-12,,,,4246171,2022-05
2022-05-13,,,,4200139,2022-05
2022-05-14,,,,4236745,2022-05
2022-05-15,,,,4259450,2022-05
2022-05-16,,,,4263024,2022-05
2022-05-17,,,,4228767,2022-05
2022-05-18,,,,4252749,2022-05
2022-05-19,,,,4208446,2022-05
2022-05-20,,,,4227210,2022-05
2022-05-21,,,,4207208,2022-05
2022-05-22,,,,4216882,2022-05
2022-05-23,,,,4231951,2022-05
2022-05-24,,,,4213394,2022-05
2022-05-25,,,,4217065,2022-05
2022-05-26,,,,4183603,2022-05
2022-05-27,,,,4146126,2022-05
2022-05-28,,,,4121778,2022-05
2022-05-29,,,,4156264,2022-05
2022-05-30,,,,4165097,2022-05
2022-05-31,,,,4180713,2022-05
2022-06-01,,,,4175141,2022-06
2022-06-02,,,,4145373,2022-06
2022-06-03,,,,4131051,2022-06
2022-06-04,,,,4122591,2022-06
2022-06-05,,,,4135200,2022-06
2022-06-06,,,,4132639,2022-06
2022-06-07,,,,4148065,2022-06
2022-06-08,,,,4141587,2022-06
2022-06-09,,,,4133183,2022-06
2022-06-10,,,,4132522,2022-06
2022-06-11,,,,4106901,2022-06
2022-06-12,,,,4063859,2022-06
2022-06-13,,,,4049419,2022-06
2022-06-14,,,,3940940,2022-06
2022-06-15,,,,3937577,2022-06
2022-06-16,,,,3956791,2022-06
2022-06-17,,,,3914934,2022-06
2022-06-18,,,,3914652,2022-06
2022-06-19,,,,3901678,2022-06
2022-06-20,,,,3929550,2022-06
2022-06-21,,,,3937931,2022-06
2022-06-22,,,,3928126,2022-06
2022-06-23,,,,3918588,2022-06
2022-06-24,,,,3943669,2022-06
2022-06-25,,,,3980604,2022-06
2022-06-26,,,,3981316,2022-06
2022-06-27,,,,3962428,2022-06
2022-06-28,,,,3956230,2022-06
2022-06-29,,,,3942513,2022-06
2022-06-30,,,,3935781,2022-06
2022-07-01,,,,3856053,2022-07
2022-07-02,,,,3904188,2022-07
2022-07-03,,,,3897594,2022-07
2022-07-04,,,,3908667,2022-07
2022-07-05,,,,3922902,2022-07
2022-07-06,,,,3917197,2022-07
2022-07-07,,,,3927769,2022-07
2022-07-08,,,,3934826,2022-07
2022-07-09,,,,3930878,2022-07
2022-07-10,,,,3923045,2022-07
2022-07-11,,,,3908631,2022-07
2022-07-12,,,,3892520,2022-07
2022-07-13,,,,3892739,2022-07
2022-07-14,,,,3910838,2022-07
2022-07-15,,,,3921755,2022-07
2022-07-16,,,,3919689,2022-07
2022-07-17,,,,3942248,2022-07
2022-07-18,,,,3937336,2022-07
2022-07-19,,,,3972455,2022-07
2022-07-20,,,,3972200,2022-07
2022-07-21,,,,3950979,2022-07
2022-07-22,,,,3986743,2022-07
2022-07-23,,,,3980235,2022-07
2022-07-24,,,,6038847,2022-07
2022-07-25,,,,6035723,2022-07
2022-07-26,,,,6021821,2022-07
2022-07-27,,,,6011248,2022-07
2022-07-28,,,,6041875,2022-07
2022-07-29,,,,6068518,2022-07
2022-07-30,,,,6077805,2022-07
2022-07-31,,,,6091329,2022-07
2022-08-01,,,,6052378,2022-08
2022-08-02,,,,6049748,2022-08
2022-08-03,,,,5847243,2022-08
2022-08-04,,,,6982245,2022-08
2022-08-05,,,,6982275,2022-08
2022-08-06,,,,6993181,2022-08
2022-08-07,,,,6992067,2022-08
2022-08-08,,,,6996472,2022-08
2022-08-09,,,,7011472,2022-08
2022-08-10,,,,7004900,2022-08
2022-08-11,,,,7018819,2022-08
2022-08-12,,,,7022301,2022-08
2022-08-13,,,,7034591,2022-08
2022-08-14,,,,7028209,2022-08
2022-08-15,,,,6998199,2022-08
2022-08-16,,,,7006662,2022-08
2022-08-17,,,,7000201,2022-08
2022-08-18,,,,6991241,2022-08
2022-08-19,,,,6899712,2022-08
2022-08-20,,,,6876777,2022-08
2022-08-21,,,,6853576,2022-08
2022-08-22,,,,6857575,2022-08
2022-08-23,,,,6866237,2022-08
2022-08-24,,,,6875221,2022-08
2022-08-25,,,,6870616,2022-08
2022-08-26,,,,6877260,2022-08
2022-08-27,,,,6852228,2022-08
2022-08-28,,,,6828669,2022-08
2022-08-29,,,,6835726,2022-08
2022-08-30,,,,6848708,2022-08
2022-08-31,,,,6829956,2022-08
2022-09-01,,,,6826535,2022-09
2022-09-02,,,,6840830,2022-09
2022-09-03,,,,6833019,2022-09
2022-09-04,,,,6797765,2022-09
2022-09-05,,,,6798243,2022-09
2022-09-06,,,,6793152,2022-09
2022-09-07,,,,6787141,2022-09
2022-09-08,,,,6803513,2022-09
2022-09-09,,,,8453695,2022-09
2022-09-10,,,,7556678,2022-09
2022-09-11,,,,7550320,2022-09
2022-09-12,,,,7537589,2022-09
2022-09-13,,,,7540347,2022-09
2022-09-14,,,,7504078,2022-09
2022-09-15,,,,7516067,2022-09
2022-09-16,,,,7492029,2022-09
2022-09-17,,,,7480588,2022-09
2022-09-18,,,,7495460,2022-09
2022-09-19,,,,7470759,2022-09
2022-09-20,,,,7468980,2022-09
2022-09-21,,,,7459256,2022-09
2022-09-22,,,,7427448,2022-09
2022-09-23,,,,7453720,2022-09
2022-09-24,,,,7454210,2022-09
2022-09-25,,,,7468102,2022-09
2022-09-26,,,,7440117,2022-09
2022-09-27,,,,7435532,2022-09
2022-09-28,,,,8304634,2022-09
2022-09-29,,,,8328222,2022-09
2022-09-30,,,,8299958,2022-09
2022-10-01,,,,8323799,2022-10
2022-10-02,,,,8317363,2022-10
2022-10-03,,,,8296350,2022-10
2022-10-04,,,,8316346,2022-10
2022-10-05,,,,8332494,2022-10
2022-10-06,,,,8314508,2022-10
2022-10-07,,,,8322705,2022-10
2022-10-08,,,,7922258,2022-10
2022-10-09,,,,8301867,2022-10
2022-10-10,,,,8304018,2022-10
2022-10-11,,,,7894652,2022-10
2022-10-12,,,,8288524,2022-10
2022-10-13,,,,8283328,2022-10
2022-10-14,,,,8277786,2022-10
2022-10-15,,,,8270426,2022-10
2022-10-16,,,,8260600,2022-10
2022-10-17,,,,8280134,2022-10
2022-10-18,,,,8306256,2022-10
2022-10-19,,,,8277988,2022-10
2022-10-20,,,,8270979,2022-10
2022-10-21,,,,8257525,2022-10
2022-10-22,,,,8272678,2022-10
2022-10-23,,,,8280741,2022-10
2022-10-24,,,,8321401,2022-10
2022-10-25,,,,8297394,2022-10
2022-10-26,,,,8354643,2022-10
2022-10-27,,,,8411951,2022-10
2022-10-28,,,,7633515,2022-10
2022-10-29,,,,7637743,2022-10
2022-10-30,,,,7664231,2022-10
2022-10-31,,,,7611346,2022-10
2022-11-01,,,,7611787,2022-11
2022-11-02,,,,7600584,2022-11
2022-11-03,,,,7575723,2022-11
2022-11-04,,,,7594363,2022-11
2022-11-05,,,,7658306,2022-11
2022-11-06,,,,7652114,2022-11
2022-11-07,,,,7621181,2022-11
2022-11-08,,,,7618790,2022-11
2022-11-09,,,,7501676,2022-11
2022-11-10,,,,7288922,2022-11
2022-11-11,,,,7418275,2022-11
2022-11-12,,,,7401639,2022-11
2022-11-13,,,,7379279,2022-11
2022-11-14,,,,7367525,2022-11
2022-11-15,,,,7074453,2022-11
2022-11-16,,,,7122827,2022-11
2022-11-17,,,,7112163,2022-11
2022-11-18,,,,7088420,2022-11
2022-11-19,,,,7097570,2022-11
2022-11-20,,,,7093967,2022-11
2022-11-21,,,,7074660,2022-11
2022-11-22,,,,7053543,2022-11
2022-11-23,,,,7069535,2022-11
2022-11-24,,,,6989591,2022-11
2022-11-25,,,,7065207,2022-11
2022-11-26,,,,7070865,2022-11
2022-11-27,,,,7036531,2022-11
2022-11-28,,,,6972568,2022-11
2022-11-29,,,,7275638,2022-11
2022-11-30,,,,7547360,2022-11
2022-12-01,,,,7809186,2022-12
2022-12-02,,,,8094668,2022-12
2022-12-03,,,,8342170,2022-12
2022-12-04,,,,8544509,2022-12
2022-12-05,,,,8602394,2022-12
2022-12-06,,,,8950544,2022-12
2022-12-07,,,,8915565,2022-12
2022-12-08,,,,9827317,2022-12
2022-12-09,,,,10667783,2022-12
2022-12-10,,,,12313998,2022-12
2022-12-11,,,,12378767,2022-12
2022-12-12,,,,12369020,2022-12
2022-12-13,,,,12544780,2022-12
2022-12-14,,,,13275366,2022-12
2022-12-15,,,,13803254,2022-12
2022-12-16,,,,13857719,2022-12
2022-12-17,,,,13985599,2022-12
2022-12-18,,,,14076582,2022-12
2022-12-19,,,,14032261,2022-12
2022-12-20,,,,13883791,2022-12
2022-12-21,,,,14349427,2022-12
2022-12-22,,,,14382643,2022-12
2022-12-23,,,,14439878,2022-12
2022-12-24,,,,15689426,2022-12
2022-12-25,,,,15713083,2022-12
2022-12-26,,,,15628265,2022-12
2022-12-27,,,,15658461,2022-12
2022-12-28,,,,15665158,2022-12
2022-12-29,,,,15523396,2022-12
2022-12-30,,,,15437924,2022-12
2022-12-31,,,,15220262,2022-12
2023-01-01,,,,15431203,2023-01
2023-01-02,,,,15570043,2023-01
2023-01-03,,,,15670957,2023-01
2023-01-04,,,,16115238,2023-01
2023-01-05,,,,15888191,2023-01
2023-01-06,,,,13487754,2023-01
2023-01-07,,,,13601362,2023-01
2023-01-08,,,,13636521,2023-01
2023-01-09,,,,13945675,2023-01
2023-01-10,,,,13663345,2023-01
2023-01-11,,,,14392876,2023-01
2023-01-12,,,,15029244,2023-01
2023-01-13,,,,15893364,2023-01
2023-01-14,,,,16654856,2023-01
2023-01-15,,,,17361617,2023-01
2023-01-16,,,,17340092,2023-01
2023-01-17,,,,18675555,2023-01
2023-01-18,,,,19334496,2023-01
2023-01-19,,,,18794051,2023-01
2023-01-20,,,,19350757,2023-01
2023-01-21,,,,20303950,2023-01
2023-01-22,,,,20333753,2023-01
2023-01-23,,,,20516881,2023-01
2023-01-24,,,,20659597,2023-01
2023-01-25,,,,20649610,2023-01
2023-01-26,,,,21724846,2023-01
2023-01-27,,,,20340644,2023-01
2023-01-28,,,,19680420,2023-01
2023-01-29,,,,19804028,2023-01
2023-01-30,,,,20423281,2023-01
2023-01-31,,,,19471989,2023-01
2023-02-01,,,,19619612,2023-02
2023-02-02,,,,19673363,2023-02
2023-02-03,,,,19653731,2023-02
2023-02-04,,,,19221183,2023-02
2023-02-05,,,,20349358,2023-02
2023-02-06,,,,20352640,2023-02
2023-02-07,,,,20053688,2023-02
2023-02-08,,,,21013539,2023-02
2023-02-09,,,,20645139,2023-02
2023-02-10,,,,20032920,2023-02
2023-02-11,,,,20526231,2023-02
2023-02-12,,,,20943999,2023-02
2023-02-13,,,,20815763,2023-02
2023-02-14,,,,21158532,2023-02
2023-02-15,,,,22500645,2023-02
2023-02-16,,,,24127384,2023-02
2023-02-17,,,,23507185,2023-02
2023-02-18,,,,24710811,2023-02
2023-02-19,,,,24617176,2023-02
2023-02-20,,,,24857845,2023-02
2023-02-21,,,,25584503,2023-02
2023-02-22,,,,24751593,2023-02
2023-02-23,,,,24348368,2023-02
2023-02-24,,,,24510491,2023-02
2023-02-25,,,,23797589,2023-02
2023-02-26,,,,23446961,2023-02
2023-02-27,,,,24088201,2023-02
2023-02-28,,,,23979636,2023-02
2023-03-01,,,,23610079,2023-03
2023-03-02,,,,24404806,2023-03
2023-03-03,,,,25608578,2023-03
2023-03-04,,,,24720737,2023-03
2023-03-05,,,,25141851,2023-03
2023-03-06,,,,25429752,2023-03
2023-03-07,,,,25714232,2023-03
2023-03-08,,,,27312740,2023-03
2023-03-09,,,,27204725,2023-03
2023-03-10,,,,26251907,2023-03
2023-03-11,,,,26707010,2023-03
2023-03-12,,,,25768586,2023-03
2023-03-13,,,,27907154,2023-03
2023-03-14,,,,30458072,2023-03
2023-03-15,,,,32145655,2023-03
2023-03-16,,,,31824538,2023-03
2023-03-17,,,,32702235,2023-03
2023-03-18,,,,35439789,2023-03
2023-03-19,,,,35367502,2023-03
2023-03-20,,,,36684940,2023-03
2023-03-21,,,,36228379,2023-03
2023-03-22,,,,38476589,2023-03
2023-03-23,,,,38684948,2023-03
2023-03-24,,,,40620013,2023-03
2023-03-25,,,,39887023,2023-03
2023-03-26,,,,40255913,2023-03
2023-03-27,,,,40561658,2023-03
2023-03-28,,,,39856010,2023-03
2023-03-29,,,,40790522,2023-03
2023-03-30,,,,41322658,2023-03
2023-03-31,,,,41044278,2023-03
2023-04-01,,,,42126574,2023-04
2023-04-02,,,,44347286,2023-04
2023-04-03,,,,45080683,2023-04
2023-04-04,,,,46343511,2023-04
2023-04-05,,,,50172707,2023-04
2023-04-06,,,,47812817,2023-04
2023-04-07,,,,50534662,2023-04
2023-04-08,,,,52952147,2023-04
2023-04-09,,,,53109128,2023-04
2023-04-10,,,,53594073,2023-04
2023-04-11,,,,55324671,2023-04
2023-04-12,,,,55203028,2023-04
2023-04-13,,,,56964014,2023-04
2023-04-14,,,,60311629,2023-04
2023-04-15,,,,62140392,2023-04
2023-04-16,,,,62780152,2023-04
2023-04-17,,,,63389510,2023-04
2023-04-18,,,,62687100,2023-04
2023-04-19,,,,63467237,2023-04
2023-04-20,,,,61343415,2023-04
2023-04-21,,,,60872119,2023-04
2023-04-22,,,,59634455,2023-04
2023-04-23,,,,60250366,2023-04
2023-04-24,,,,59846152,2023-04
2023-04-25,,,,60002923,2023-04
2023-04-26,,,,60884916,2023-04
2023-04-27,,,,63598532,2023-04
2023-04-28,,,,64984526,2023-04
2023-04-29,,,,65010308,2023-04
2023-04-30,,,,65541203,2023-04
2023-05-01,,,,65493619,2023-05
2023-05-02,,,,64983632,2023-05
2023-05-03,,,,66243411,2023-05
2023-05-04,,,,66680634,2023-05
2023-05-05,,,,65550530,2023-05
2023-05-06,,,,67414149,2023-05
2023-05-07,,,,65892378,2023-05
2023-05-08,,,,65378493,2023-05
2023-05-09,,,,64404865,2023-05
2023-05-10,,,,64391745,2023-05
2023-05-11,,,,64262661,2023-05
2023-05-12,,,,63696258,2023-05
2023-05-13,,,,64472902,2023-05
2023-05-14,,,,64914370,2023-05
2023-05-15,,,,66297117,2023-05
2023-05-16,,,,67326052,2023-05
2023-05-17,,,,68041737,2023-05
2023-05-18,,,,68561985,2023-05
2023-05-19,,,,66900913,2023-05
2023-05-20,,,,70346107,2023-05
2023-05-21,,,,70960610,2023-05
2023-05-22,,,,70501260,2023-05
2023-05-23,,,,72305546,2023-05
2023-05-24,,,,73732006,2023-05
2023-05-25,,,,72441863,2023-05
2023-05-26,,,,73453830,2023-05
2023-05-27,,,,77546683,2023-05
2023-05-28,,,,78076873,2023-05
2023-05-29,,,,79633498,2023-05
2023-05-30,,,,78939544,2023-05
2023-05-31,,,,80490197,2023-05
2023-06-01,,,,80939070,2023-06
2023-06-02,,,,80653269,2023-06
2023-06-03,,,,82366837,2023-06
2023-06-04,,,,82360388,2023-06
2023-06-05,,,,82458593,2023-06
2023-06-06,,,,84727721,2023-06
2023-06-07,,,,89060435,2023-06
2023-06-08,,,,93299106,2023-06
2023-06-09,,,,96617351,2023-06
2023-06-10,,,,102805675,2023-06
2023-06-11,,,,100772054,2023-06
2023-06-12,,,,100863895,2023-06
2023-06-13,,,,98678022,2023-06
2023-06-14,,,,100030756,2023-06
2023-06-15,,,,97374122,2023-06
2023-06-16,,,,97259112,2023-06
2023-06-17,,,,100289373,2023-06
2023-06-18,,,,101108941,2023-06
2023-06-19,,,,101775668,2023-06
2023-06-20,,,,105055668,2023-06
2023-06-21,,,,106647736,2023-06
2023-06-22,,,,112849598,2023-06
2023-06-23,,,,112002381,2023-06
2023-06-24,,,,114197918,2023-06
2023-06-25,,,,114823476,2023-06
2023-06-26,,,,116763840,2023-06
2023-06-27,,,,117099813,2023-06
2023-06-28,,,,118891809,2023-06
2023-06-29,,,,118093545,2023-06
2023-06-30,,,,119739193,2023-06
2023-07-01,,,,123044553,2023-07
2023-07-02,,,,122521941,2023-07
2023-07-03,,,,125104408,2023-07
2023-07-04,,,,127199019,2023-07
2023-07-05,,,,128872345,2023-07
2023-07-06,,,,125755298,2023-07
2023-07-07,524.0,165.0,,125460654,2023-07
2023-07-08,1556.0,459.0,,127946501,2023-07
2023-07-09,962.0,141.0,,133597245,2023-07
2023-07-10,1664.0,265.0,,134445913,2023-07
2023-07-11,710.0,108.0,,137044504,2023-07
2023-07-12,1135.0,183.0,,138209227,2023-07
2023-07-13,1810.0,512.0,,137671056,2023-07
2023-07-14,1726.0,481.0,,146274291,2023-07
2023-07-15,1057.0,260.0,,143843778,2023-07
2023-07-16,1299.0,248.0,,143606314,2023-07
2023-07-17,2481.0,196.0,,143092718,2023-07
2023-07-18,868.0,305.0,,143913989,2023-07
2023-07-19,1760.0,286.0,,154740570,2023-07
2023-07-20,528.0,184.0,,155102808,2023-07
2023-07-21,1600.0,450.0,,155619187,2023-07
2023-07-22,1007.0,185.0,,153487933,2023-07
2023-07-23,2313.0,182.0,,150712679,2023-07
2023-07-24,1319.0,312.0,,152352029,2023-07
2023-07-25,753.0,107.0,,150049801,2023-07
2023-07-26,267.0,267.0,,150586084,2023-07
2023-07-27,1516.0,1516.0,,153859270,2023-07
2023-07-28,591.0,591.0,,153224303,2023-07
2023-07-29,676.0,676.0,,153659431,2023-07
2023-07-30,943.0,943.0,,154674603,2023-07
2023-07-31,743.0,743.0,,151335610,2023-07
2023-08-01,1070.0,1070.0,,148345948,2023-08
2023-08-02,1013.0,1013.0,,148123291,2023-08
2023-08-03,1126.0,1126.0,,145680266,2023-08
2023-08-04,1030.0,1030.0,,144374527,2023-08
2023-08-05,407.0,407.0,,144016496,2023-08
2023-08-06,944.0,944.0,,143522230,2023-08
2023-08-07,717.0,717.0,,143381022,2023-08
2023-08-08,744.0,744.0,,140216285,2023-08
2023-08-09,724.0,724.0,,145291054,2023-08
2023-08-10,689.0,689.0,,145118328,2023-08
2023-08-11,733.0,733.0,,143257886,2023-08
2023-08-12,711.0,711.0,,144097264,2023-08
2023-08-13,460.0,460.0,,144625374,2023-08
2023-08-14,909.0,909.0,,142724050,2023-08
2023-08-15,926.0,926.0,,143315673,2023-08
2023-08-16,735.0,735.0,,141588684,2023-08
2023-08-17,1118.0,1118.0,,138829533,2023-08
2023-08-18,870.0,870.0,,127915432,2023-08
2023-08-19,1952.0,1952.0,,126893806,2023-08
2023-08-20,278.0,278.0,,127211289,2023-08
2023-08-21,734.0,734.0,,127236738,2023-08
2023-08-22,1904.0,1904.0,,126259795,2023-08
2023-08-23,1529.0,1529.0,,117528475,2023-08
2023-08-24,1479.0,1479.0,,117510575,2023-08
2023-08-25,815.0,815.0,,126247062,2023-08
2023-08-26,603.0,603.0,,127111351,2023-08
2023-08-27,1088.0,1088.0,,126467362,2023-08
2023-08-28,933.0,933.0,,128383275,2023-08
2023-08-29,1627.0,1627.0,,133257308,2023-08
2023-08-30,1554.0,1554.0,,140480799,2023-08
2023-08-31,2109.0,2109.0,,139413802,2023-08
2023-09-01,747.0,747.0,,135975950,2023-09
2023-09-02,408.0,408.0,,135776051,2023-09
2023-09-03,550.0,550.0,,136193840,2023-09
2023-09-04,862.0,862.0,,136074884,2023-09
2023-09-05,428.0,428.0,,136480082,2023-09
2023-09-06,1208.0,1208.0,,137810650,2023-09
2023-09-07,1393.0,1393.0,,141599956,2023-09
2023-09-08,779.0,779.0,,145497030,2023-09
2023-09-09,753.0,753.0,,145013252,2023-09
2023-09-10,583.0,583.0,,145061970,2023-09
2023-09-11,1027.0,1027.0,,144171527,2023-09
2023-09-12,520.0,520.0,,140896933,2023-09
2023-09-13,225.0,225.0,,144253095,2023-09
2023-09-14,904.0,904.0,,144673443,2023-09
2023-09-15,676.0,676.0,,145562196,2023-09
2023-09-16,362.0,362.0,,148588398,2023-09
2023-09-17,177.0,177.0,,147643358,2023-09
2023-09-18,465.0,465.0,,147563479,2023-09
2023-09-19,817.0,817.0,,148113643,2023-09
2023-09-20,370.0,370.0,,149703948,2023-09
2023-09-21,1272.0,1272.0,,149623434,2023-09
2023-09-22,993.0,993.0,,148022193,2023-09
2023-09-23,499.0,499.0,,149500785,2023-09
2023-09-24,376.0,376.0,,149607441,2023-09
2023-09-25,254.0,254.0,,148717010,2023-09
2023-09-26,391.0,391.0,,149593292,2023-09
2023-09-27,1001.0,1001.0,,149208861,2023-09
2023-09-28,840.0,840.0,,152172151,2023-09
2023-09-29,497.0,497.0,,156075775,2023-09
2023-09-30,456.0,456.0,,157861726,2023-09
2023-10-01,495.0,495.0,,158348105,2023-10
2023-10-02,1047.0,1047.0,,162843027,2023-10
2023-10-03,616.0,616.0,,158909388,2023-10
2023-10-04,487.0,487.0,,159869599,2023-10
2023-10-05,1044.0,1044.0,,161841564,2023-10
2023-10-06,1523.0,1523.0,,159885293,2023-10
2023-10-07,625.0,625.0,,163506064,2023-10
2023-10-08,532.0,532.0,,162776274,2023-10
2023-10-09,497.0,497.0,,163513536,2023-10
2023-10-10,581.0,581.0,,160970625,2023-10
2023-10-11,711.0,711.0,,158716716,2023-10
2023-10-12,1636.0,1636.0,,159960851,2023-10
2023-10-13,649.0,649.0,,162086626,2023-10
2023-10-14,662.0,662.0,,163703840,2023-10
2023-10-15,469.0,469.0,,164134194,2023-10
2023-10-16,722.0,722.0,,164365628,2023-10
2023-10-17,1371.0,1371.0,,171980157,2023-10
2023-10-18,995.0,995.0,,165886072,2023-10
2023-10-19,1635.0,1635.0,,166157954,2023-10
2023-10-20,753.0,753.0,,165902731,2023-10
2023-10-21,609.0,609.0,,168974971,2023-10
2023-10-22,1544.0,1544.0,,171363523,2023-10
2023-10-23,1749.0,1749.0,,173268991,2023-10
2023-10-24,1268.0,1268.0,,184984754,2023-10
2023-10-25,1088.0,1088.0,,185824368,2023-10
2023-10-26,2416.0,2416.0,,186481172,2023-10
2023-10-27,923.0,923.0,,187452072,2023-10
2023-10-28,1184.0,1184.0,,186583295,2023-10
2023-10-29,698.0,698.0,,186382445,2023-10
2023-10-30,762.0,762.0,,189553614,2023-10
2023-10-31,595.0,595.0,,191490592,2023-10
2023-11-01,1035.0,1035.0,,191931873,2023-11
2023-11-02,2071.0,2071.0,,195900372,2023-11
2023-11-03,435.0,435.0,,187943757,2023-11
2023-11-04,926.0,926.0,,191804067,2023-11
2023-11-05,1046.0,1046.0,,195119639,2023-11
2023-11-06,1388.0,1388.0,,194908709,2023-11
2023-11-07,625.0,625.0,,196832142,2023-11
2023-11-08,1026.0,1026.0,,196610436,2023-11
2023-11-09,1949.0,1949.0,,193236705,2023-11
2023-11-10,1426.0,1426.0,,221071998,2023-11
2023-11-11,1543.0,1543.0,,221090375,2023-11
2023-11-12,1770.0,1770.0,,219440085,2023-11
2023-11-13,598.0,598.0,,219074432,2023-11
2023-11-14,997.0,997.0,,218735723,2023-11
2023-11-15,1277.0,1277.0,,214697129,2023-11
2023-11-16,1291.0,1291.0,,221021749,2023-11
2023-11-17,738.0,738.0,,212778958,2023-11
2023-11-18,1113.0,1113.0,,213993507,2023-11
2023-11-19,1181.0,1181.0,,222339481,2023-11
2023-11-20,1211.0,1211.0,,227483183,2023-11
2023-11-21,1257.0,1257.0,,228605489,2023-11
2023-11-22,846.0,846.0,,220709479,2023-11
2023-11-23,1253.0,1253.0,,231443622,2023-11
2023-11-24,1473.0,1473.0,,234570268,2023-11
2023-11-25,1170.0,1170.0,,236257438,2023-11
2023-11-26,1284.0,1284.0,,236207861,2023-11
2023-11-27,1460.0,1460.0,,234477552,2023-11
2023-11-28,867.0,867.0,,231596434,2023-11
2023-11-29,1446.0,1446.0,,233029933,2023-11
2023-11-30,832.0,832.0,,231954053,2023-11
2023-12-01,420.0,420.0,,234528218,2023-12
2023-12-02,1143.0,1143.0,,237906807,2023-12
2023-12-03,1131.0,1131.0,,243117152,2023-12
2023-12-04,1373.0,1373.0,,253005260,2023-12
2023-12-05,744.0,744.0,,253842056,2023-12
2023-12-06,1057.0,1057.0,,258384199,2023-12
2023-12-07,2861.0,2861.0,,261952987,2023-12
2023-12-08,1230.0,1230.0,,272712954,2023-12
2023-12-09,1029.0,1029.0,,269229133,2023-12
2023-12-10,1513.0,1513.0,,266871339,2023-12
2023-12-11,1406.0,1406.0,,267164254,2023-12
2023-12-12,2075.0,2075.0,,251135782,2023-12
2023-12-13,946.0,946.0,,249008392,2023-12
2023-12-14,1746.0,1520.0,,253350904,2023-12
2023-12-15,2129.0,1736.0,,255916067,2023-12
2023-12-16,709.0,591.0,,243568595,2023-12
2023-12-17,2678.0,2206.0,,243606348,2023-12
2023-12-18,754.0,634.0,,234515837,2023-12
2023-12-19,1622.0,1362.0,,240506336,2023-12
2023-12-20,1174.0,965.0,,237121387,2023-12
2023-12-21,1649.0,1422.0,,231918648,2023-12
2023-12-22,822.0,710.0,,238833671,2023-12
2023-12-23,2840.0,2471.0,,244650631,2023-12
2023-12-24,921.0,784.0,,245938779,2023-12
2023-12-25,1498.0,1278.0,,243349179,2023-12
2023-12-26,1115.0,999.0,,242890651,2023-12
2023-12-27,1064.0,901.0,,237678467,2023-12
2023-12-28,1471.0,1211.0,,248089191,2023-12
2023-12-29,2535.0,2232.0,,242809340,2023-12
2023-12-30,1764.0,1618.0,,235666860,2023-12
2023-12-31,1037.0,935.0,,234009336,2023-12
2024-01-01,1900.0,1713.0,,233674555,2024-01
2024-01-02,1885.0,1675.0,,239957841,2024-01
2024-01-03,1364.0,1188.0,,237252020,2024-01
2024-01-04,1876.0,1759.0,,229490621,2024-01
2024-01-05,850.0,738.0,,238581530,2024-01
2024-01-06,1118.0,978.0,,237448771,2024-01
2024-01-07,2522.0,2333.0,,234925722,2024-01
2024-01-08,2120.0,1828.0,,236151411,2024-01
2024-01-09,2436.0,2239.0,,219749090,2024-01
2024-01-10,1459.0,1233.0,,220338371,2024-01
2024-01-11,4534.0,4234.0,,240549376,2024-01
2024-01-12,4326.0,3565.0,,251966648,2024-01
2024-01-13,4341.0,3569.0,,249579468,2024-01
2024-01-14,3591.0,3240.0,,261488895,2024-01
2024-01-15,2842.0,2405.0,,264738631,2024-01
2024-01-16,3989.0,3450.0,,273720919,2024-01
2024-01-17,6755.0,5868.0,,291494493,2024-01
2024-01-18,2945.0,2490.0,,305234266,2024-01
2024-01-19,5498.0,4744.0,,314537652,2024-01
2024-01-20,5314.0,4463.0,,340633527,2024-01
2024-01-21,4047.0,3502.0,,340628990,2024-01
2024-01-22,5616.0,5024.0,,369274048,2024-01
2024-01-23,5266.0,4623.0,,361936419,2024-01
2024-01-24,8562.0,7679.0,,369430179,2024-01
2024-01-25,7894.0,6421.0,,379852777,2024-01
2024-01-26,11933.0,9892.0,,438602891,2024-01
2024-01-27,9459.0,7879.0,,474500558,2024-01
2024-01-28,7958.0,6453.0,,496086620,2024-01
2024-01-29,8824.0,7356.0,,504170276,2024-01
2024-01-30,10441.0,8620.0,,536390598,2024-01
2024-01-31,17041.0,14288.0,,596013505,2024-01
2024-02-01,17642.0,14306.0,,611614477,2024-02
2024-02-02,17645.0,14378.0,,663276274,2024-02
2024-02-03,11280.0,9271.0,,705706787,2024-02
2024-02-04,9440.0,7826.0,,734957591,2024-02
2024-02-05,19496.0,16262.0,,753656515,2024-02
2024-02-06,16664.0,13625.0,,796249673,2024-02
2024-02-07,13716.0,11348.0,,860934614,2024-02
2024-02-08,18819.0,15414.0,,922875671,2024-02
2024-02-09,13295.0,10809.0,,982710769,2024-02
2024-02-10,15518.0,13237.0,,1065855515,2024-02
2024-02-11,13292.0,11026.0,,1092718038,2024-02
2024-02-12,8639.0,7113.0,,1113050113,2024-02
2024-02-13,14787.0,12487.0,,1192868931,2024-02
2024-02-14,15248.0,12771.0,,1219168564,2024-02
2024-02-15,16494.0,13947.0,,1278306347,2024-02
2024-02-16,12167.0,10130.0,,1313333087,2024-02
2024-02-17,9439.0,7788.0,,1330412314,2024-02
2024-02-18,7228.0,6241.0,,1338773263,2024-02
2024-02-19,8023.0,6696.0,,1389880427,2024-02
2024-02-20,19883.0,17464.0,,1455359240,2024-02
2024-02-21,17068.0,13996.0,,1501385237,2024-02
2024-02-22,15308.0,12524.0,,1494525796,2024-02
2024-02-23,19318.0,15863.0,,1518444499,2024-02
2024-02-24,19233.0,15832.0,,1506930783,2024-02
2024-02-25,15693.0,13007.0,,1546723690,2024-02
2024-02-26,15735.0,12796.0,,1632916527,2024-02
2024-02-27,19653.0,17379.0,,1697328654,2024-02
2024-02-28,22360.0,18345.0,,1766917080,2024-02
2024-02-29,37149.0,29882.0,,1886175965,2024-02
2024-03-01,28255.0,22982.0,,1932340564,2024-03
2024-03-02,35871.0,29147.0,,2031274855,2024-03
2024-03-03,26051.0,21533.0,,2066728250,2024-03
2024-03-04,20099.0,16377.0,,2153964223,2024-03
2024-03-05,24206.0,19711.0,,2236327235,2024-03
2024-03-06,24574.0,20147.0,,2250767539,2024-03
2024-03-07,19344.0,16043.0,,2401150819,2024-03
2024-03-08,11976.0,10320.0,,2405148106,2024-03
2024-03-09,9233.0,7982.0,,2413789843,2024-03
2024-03-10,13516.0,11772.0,,2429630669,2024-03
2024-03-11,13231.0,11448.0,,2405940420,2024-03
2024-03-12,23099.0,19218.0,,2514487558,2024-03
2024-03-13,16164.0,13820.0,,2475348482,2024-03
2024-03-14,24724.0,22236.0,,2535579343,2024-03
2024-03-15,28153.0,25559.0,,2471197495,2024-03
2024-03-16,21261.0,18218.0,,2432561286,2024-03
2024-03-17,23624.0,19587.0,,2311828822,2024-03
2024-03-18,38146.0,32932.0,,2356224027,2024-03
2024-03-19,30001.0,25068.0,,2345013382,2024-03
2024-03-20,38946.0,32674.0,,2184450265,2024-03
2024-03-21,36768.0,31239.0,,2457225073,2024-03
2024-03-22,37552.0,33196.0,,2498770666,2024-03
2024-03-23,39645.0,34188.0,,2447214281,2024-03
2024-03-24,25730.0,21854.0,,2526087509,2024-03
2024-03-25,36537.0,30759.0,,2649091446,2024-03
2024-03-26,36442.0,30673.0,,2845980982,2024-03
2024-03-27,33195.0,27833.0,,2960089732,2024-03
2024-03-28,40435.0,34839.0,,3031491068,2024-03
2024-03-29,65510.0,56354.0,,3185286578,2024-03
2024-03-30,50452.0,42921.0,,3285359252,2024-03
2024-03-31,47803.0,41016.0,,3364805201,2024-03
2024-04-01,47651.0,40492.0,,3550334091,2024-04
2024-04-02,297564.0,251945.0,,3544458730,2024-04
2024-04-03,267078.0,230708.0,,3657598319,2024-04
2024-04-04,213447.0,188959.0,,3911726099,2024-04
2024-04-05,115958.0,102700.0,,3963119484,2024-04
2024-04-06,89951.0,79793.0,,4063379308,2024-04
2024-04-07,105389.0,93796.0,,4146446530,2024-04
2024-04-08,176731.0,162788.0,,4279224466,2024-04
2024-04-09,168402.0,150317.0,,4701554871,2024-04
2024-04-10,93584.0,81887.0,,4621816223,2024-04
2024-04-11,177576.0,162111.0,,4668803925,2024-04
2024-04-12,130495.0,118386.0,,4824934153,2024-04
2024-04-13,80013.0,71579.0,,4575010748,2024-04
2024-04-14,58893.0,51572.0,,4280703885,2024-04
2024-04-15,93736.0,81871.0,,4512010309,2024-04
2024-04-16,80171.0,70798.0,,4521832994,2024-04
2024-04-17,95311.0,85897.0,,4583480185,2024-04
2024-04-18,73757.0,64927.0,,4520916229,2024-04
2024-04-19,62194.0,55663.0,,4637500898,2024-04
2024-04-20,46192.0,40716.0,,4725138813,2024-04
2024-04-21,65547.0,59478.0,,4851935201,2024-04
2024-04-22,79057.0,72218.0,,4897299944,2024-04
2024-04-23,89474.0,78888.0,,5017921698,2024-04
2024-04-24,89958.0,80220.0,,5073549998,2024-04
2024-04-25,232022.0,208805.0,,5007353351,2024-04
2024-04-26,166474.0,153999.0,,4199178503,2024-04
2024-04-27,92717.0,84803.0,,4137681526,2024-04
2024-04-28,100881.0,92268.0,,4289448889,2024-04
2024-04-29,131622.0,117722.0,,4444064976,2024-04
2024-04-30,121702.0,111749.0,,4329225340,2024-04
2024-05-01,610274.0,603930.0,,4081837460,2024-05
2024-05-02,61025.0,56823.0,,4078081024,2024-05
2024-05-03,99231.0,92252.0,,4144858101,2024-05
2024-05-04,62419.0,57298.0,,4357859246,2024-05
2024-05-05,42196.0,38635.0,,4384305977,2024-05
2024-05-06,64263.0,59698.0,,4418635586,2024-05
2024-05-07,74957.0,70208.0,,4417877373,2024-05
2024-05-08,79840.0,75338.0,,4477285074,2024-05
2024-05-09,51857.0,47576.0,,4433907772,2024-05
2024-05-10,48985.0,45300.0,,4547568248,2024-05
2024-05-11,38609.0,35446.0,,4408603475,2024-05
2024-05-12,52476.0,49437.0,,4436005483,2024-05
2024-05-13,62533.0,58751.0,,4465778447,2024-05
2024-05-14,40183.0,37579.0,,4504713052,2024-05
2024-05-15,68246.0,65003.0,,4430839948,2024-05
2024-05-16,72616.0,67535.0,,4632025129,2024-05
2024-05-17,183360.0,169804.0,,4540175687,2024-05
2024-05-18,99598.0,92895.0,,4818247939,2024-05
2024-05-19,48462.0,45525.0,,4897591358,2024-05
2024-05-20,109199.0,102954.0,,4853312180,2024-05
2024-05-21,109258.0,99806.0,,5593452894,2024-05
2024-05-22,60357.0,55350.0,,5843123921,2024-05
2024-05-23,94687.0,88034.0,,5797530181,2024-05
2024-05-24,71758.0,65988.0,,5918233677,2024-05
2024-05-25,54464.0,50358.0,,5890614978,2024-05
2024-05-26,211380.0,207027.0,,5917760154,2024-05
2024-05-27,63841.0,57827.0,,6081343470,2024-05
2024-05-28,36994.0,33668.0,,6177139775,2024-05
2024-05-29,48740.0,44979.0,,6145328843,2024-05
2024-05-30,66546.0,60833.0,,6110114526,2024-05
2024-05-31,111370.0,108186.0,,6140319954,2024-05
2024-06-01,36357.0,32586.0,,6223437700,2024-06
2024-06-02,30758.0,28251.0,,6301372565,2024-06
2024-06-03,84139.0,77350.0,,6266038462,2024-06
2024-06-04,84676.0,76756.0,,6382370690,2024-06
2024-06-05,52349.0,47144.0,,6557725277,2024-06
2024-06-06,146743.0,135777.0,,6654472121,2024-06
2024-06-07,107449.0,99174.0,,6714884412,2024-06
2024-06-08,55840.0,51901.0,,6642963154,2024-06
2024-06-09,37035.0,34039.0,,6624834136,2024-06
2024-06-10,73625.0,69050.0,,6720554254,2024-06
2024-06-11,52517.0,48283.0,,6713681824,2024-06
2024-06-12,55302.0,52557.0,,6482906136,2024-06
2024-06-13,37668.0,35012.0,,6612307791,2024-06
2024-06-14,43948.0,41044.0,,6489535860,2024-06
2024-06-15,29187.0,27290.0,,6484596002,2024-06
2024-06-16,48726.0,45654.0,,6619393599,2024-06
2024-06-17,58761.0,54885.0,,6684030925,2024-06
2024-06-18,55382.0,51445.0,,6628610363,2024-06
2024-06-19,71841.0,68747.0,,6511042323,2024-06
2024-06-20,29733.0,27297.0,,6525174152,2024-06
2024-06-21,25194.0,23382.0,,6449982295,2024-06
2024-06-22,30725.0,28018.0,,6473195464,2024-06
2024-06-23,30261.0,27789.0,,6445923023,2024-06
2024-06-24,66695.0,62589.0,,6326056900,2024-06
2024-06-25,143526.0,140786.0,19068360.0,6186212481,2024-06
2024-06-26,45513.0,42953.0,11542914.0,6293351784,2024-06
2024-06-27,195677.0,185388.0,14142674.0,6188667283,2024-06
2024-06-28,122235.0,118827.0,77734006.0,4084276809,2024-06
2024-06-29,46100.0,43835.0,25248043.0,3685465201,2024-06
2024-06-30,42797.0,40436.0,16716478.0,3654689772,2024-06
2024-07-01,46669.0,44236.0,20140647.0,3705249148,2024-07
2024-07-02,44809.0,42214.0,18871379.0,3710179759,2024-07
2024-07-03,36699.0,33867.0,18087573.0,3667990260,2024-07
2024-07-04,79779.0,73976.0,15140609.0,3536023728,2024-07
2024-07-05,52737.0,48700.0,34027603.0,3454659178,2024-07
2024-07-06,49998.0,47446.0,24644249.0,3326855455,2024-07
2024-07-07,26247.0,25068.0,18336116.0,3418019321,2024-07
2024-07-08,39596.0,37947.0,11297240.0,3343503487,2024-07
2024-07-09,27925.0,26682.0,9523694.0,3449611518,2024-07
2024-07-10,27407.0,26175.0,11704929.0,3455291755,2024-07
2024-07-11,24053.0,23075.0,9693391.0,3494926982,2024-07
2024-07-12,23645.0,22666.0,7564947.0,3518309089,2024-07
2024-07-13,20033.0,19051.0,7043583.0,3513601389,2024-07
2024-07-14,18060.0,17068.0,6885244.0,3539383765,2024-07
2024-07-15,33500.0,32009.0,7880406.0,3609814882,2024-07
2024-07-16,25473.0,24185.0,14354315.0,3712184954,2024-07
2024-07-17,31828.0,30725.0,19194508.0,3809143912,2024-07
2024-07-18,36848.0,34828.0,10298936.0,3853443854,2024-07
2024-07-19,23675.0,22262.0,20224287.0,3811714323,2024-07
2024-07-20,20915.0,19580.0,16071932.0,3947691789,2024-07
2024-07-21,26564.0,25069.0,18136345.0,3952587112,2024-07
2024-07-22,35141.0,32995.0,22698521.0,3961455305,2024-07
2024-07-23,25103.0,23356.0,22295696.0,3924518611,2024-07
2024-07-24,764712.0,762599.0,26348084.0,3956332362,2024-07
2024-07-25,53344.0,50897.0,28759612.0,3846137766,2024-07
2024-07-26,42928.0,41037.0,95647696.0,3188975872,2024-07
2024-07-27,24281.0,22526.0,87376882.0,3262842764,2024-07
2024-07-28,20105.0,18806.0,36692667.0,3258005067,2024-07
2024-07-29,22589.0,21404.0,27138196.0,3244018275,2024-07
2024-07-30,21783.0,20862.0,38921995.0,3278479907,2024-07
2024-07-31,22994.0,21513.0,41792874.0,3237365380,2024-07
2024-08-01,35127.0,34139.0,42732165.0,3181040164,2024-08
2024-08-02,19683.0,18381.0,26865601.0,3091132766,2024-08
2024-08-03,18141.0,17409.0,39640863.0,2997596578,2024-08
2024-08-04,18558.0,17550.0,21604440.0,2926528108,2024-08
2024-08-05,43179.0,40621.0,35321298.0,2795219633,2024-08
2024-08-06,12154.0,11190.0,100386287.0,2470723191,2024-08
2024-08-07,13736.0,12901.0,25242575.0,2520507788,2024-08
2024-08-08,16150.0,14796.0,23752140.0,2425102358,2024-08
2024-08-09,11218.0,10536.0,41114593.0,2591838889,2024-08
2024-08-10,17279.0,16676.0,25203933.0,2606449006,2024-08
2024-08-11,10623.0,10010.0,26561687.0,2616203629,2024-08
2024-08-12,8400.0,7747.0,22588049.0,2608278121,2024-08
2024-08-13,22125.0,21151.0,20861235.0,2699588242,2024-08
2024-08-14,16179.0,15403.0,58718686.0,2763073305,2024-08
2024-08-15,18949.0,18298.0,27683823.0,2742034279,2024-08
2024-08-16,11414.0,10630.0,23142649.0,2644191084,2024-08
2024-08-17,6866.0,6362.0,42547972.0,2685906166,2024-08
2024-08-18,8020.0,7506.0,30233121.0,2708282545,2024-08
2024-08-19,8283.0,7903.0,28260775.0,2733557802,2024-08
2024-08-20,9224.0,8679.0,35998431.0,2729262406,2024-08
2024-08-21,12458.0,11799.0,,2712742325,2024-08
2024-08-22,13039.0,12105.0,,2727194282,2024-08
2024-08-23,14217.0,13449.0,,2720010814,2024-08
2024-08-24,8562.0,8071.0,,2807224298,2024-08
2024-08-25,8130.0,7594.0,,2780473522,2024-08
2024-08-26,29509.0,28969.0,24824886.0,2798810567,2024-08
2024-08-27,11378.0,10845.0,28163258.0,2769714880,2024-08
2024-08-28,280967.0,280444.0,20778206.0,2621052664,2024-08
2024-08-29,12281.0,11744.0,37106153.0,2642209011,2024-08
2024-08-30,9509.0,8824.0,28400136.0,2544181927,2024-08
2024-08-31,11391.0,10853.0,24143562.0,2540040260,2024-08
2024-09-01,16143.0,15534.0,49534437.0,2552438846,2024-09
2024-09-02,23767.0,23143.0,27737772.0,2508748946,2024-09
2024-09-03,22232.0,19305.0,54064566.0,2549397053,2024-09
2024-09-04,29938.0,26764.0,92555621.0,2453437614,2024-09
2024-09-05,7705.0,6884.0,32378681.0,2492115108,2024-09
2024-09-06,11972.0,11168.0,28584032.0,2440143046,2024-09
2024-09-07,9104.0,8754.0,14789639.0,2326548194,2024-09
2024-09-08,6105.0,5833.0,16801477.0,2342705259,2024-09
2024-09-09,20615.0,20148.0,21245393.0,2371289947,2024-09
2024-09-10,4765.0,4472.0,18166634.0,2404977462,2024-09
2024-09-11,5929.0,5467.0,18200913.0,2433953467,2024-09
2024-09-12,4918.0,4414.0,16220298.0,2422444653,2024-09
2024-09-13,6412.0,5991.0,14849009.0,2434519786,2024-09
2024-09-14,5479.0,5072.0,21820660.0,2480547810,2024-09
2024-09-15,5477.0,5231.0,8950550.0,2461480498,2024-09
2024-09-16,3840.0,3570.0,13639803.0,2426599533,2024-09
2024-09-17,7310.0,7079.0,15048416.0,2396377468,2024-09
2024-09-18,5516.0,5158.0,14903497.0,2431417556,2024-09
2024-09-19,5777.0,5471.0,24217577.0,2422139235,2024-09
2024-09-20,9665.0,9217.0,20619218.0,2495014002,2024-09
2024-09-21,14765.0,14373.0,27391096.0,2555354836,2024-09
2024-09-22,12876.0,12386.0,17383342.0,2583056232,2024-09
2024-09-23,10435.0,9948.0,28255236.0,2571232596,2024-09
2024-09-24,9792.0,9185.0,,2621498793,2024-09
2024-09-25,156390.0,155900.0,45582595.0,2588524809,2024-09
2024-09-26,90350.0,86968.0,147025586.0,2544744164,2024-09
2024-09-27,40751.0,38776.0,77747052.0,2108063061,2024-09
2024-09-28,35099.0,33372.0,60645950.0,2008351136,2024-09
2024-09-29,19218.0,17832.0,34429579.0,1991138101,2024-09
2024-09-30,26943.0,25434.0,47349870.0,1969412695,2024-09
2024-10-01,21089.0,19973.0,72637085.0,1972952844,2024-10
2024-10-02,12326.0,10969.0,33900863.0,1923970078,2024-10
2024-10-03,22814.0,21126.0,74910907.0,1895889895,2024-10
2024-10-04,28475.0,25946.0,57867655.0,1948334401,2024-10
2024-10-05,17416.0,16366.0,38996416.0,2018685222,2024-10
2024-10-06,14107.0,13366.0,32418964.0,2039953469,2024-10
2024-10-07,13867.0,12798.0,26431334.0,2063693212,2024-10
2024-10-08,12994.0,11594.0,59978855.0,2037981967,2024-10
2024-10-09,12209.0,11251.0,41120621.0,2056255496,2024-10
2024-10-10,21972.0,20098.0,38810893.0,2027529976,2024-10
2024-10-11,22480.0,20691.0,55456561.0,2067303212,2024-10
2024-10-12,18372.0,16448.0,39165369.0,2138665019,2024-10
2024-10-13,14634.0,13443.0,34443805.0,2177455348,2024-10
2024-10-14,41164.0,37029.0,108000157.0,2190875651,2024-10
2024-10-15,24298.0,21415.0,55888859.0,2291621321,2024-10
2024-10-16,17348.0,15234.0,35578258.0,2312923929,2024-10
2024-10-17,27180.0,24291.0,94392200.0,2346251505,2024-10
2024-10-18,34063.0,31191.0,63430567.0,2388261396,2024-10
2024-10-19,20291.0,18472.0,49659027.0,2480475851,2024-10
2024-10-20,27568.0,25901.0,42781984.0,2485200917,2024-10
2024-10-21,18135.0,16663.0,42014134.0,2528649724,2024-10
2024-10-22,36650.0,34760.0,95215514.0,2508755951,2024-10
2024-10-23,24529.0,22432.0,62592539.0,2545570646,2024-10
2024-10-24,42315.0,39658.0,22461682.0,2516907478,2024-10
2024-10-25,29222.0,27418.0,49784655.0,2423888552,2024-10
2024-10-26,33676.0,31367.0,73722190.0,2402273491,2024-10
2024-10-27,16100.0,14582.0,37199379.0,2400650176,2024-10
2024-10-28,37131.0,34318.0,82194779.0,2411420946,2024-10
2024-10-29,20718.0,18243.0,49645012.0,2490082942,2024-10
2024-10-30,486750.0,484306.0,45344310.0,2543311901,2024-10
2024-10-31,50177.0,45368.0,67336878.0,2561848718,2024-10
2024-11-01,28632.0,25886.0,37584593.0,2475574635,2024-11
2024-11-02,20690.0,18173.0,40970992.0,2480865881,2024-11
2024-11-03,14272.0,13066.0,30152283.0,2476606631,2024-11
2024-11-04,18690.0,17695.0,28244934.0,2465485025,2024-11
2024-11-05,17774.0,16745.0,33027799.0,2477044146,2024-11
2024-11-06,22018.0,19745.0,42150419.0,2543004101,2024-11
2024-11-07,42719.0,38314.0,94383987.0,2714702045,2024-11
2024-11-08,46116.0,42400.0,98041705.0,2846394187,2024-11
2024-11-09,22113.0,20601.0,31034011.0,2905477855,2024-11
2024-11-10,34706.0,31015.0,75287217.0,2963662395,2024-11
2024-11-11,56036.0,48975.0,119124679.0,3042227325,2024-11
2024-11-12,69129.0,63797.0,130653306.0,3205360989,2024-11
2024-11-13,29925.0,27541.0,77400369.0,3226189575,2024-11
2024-11-14,63091.0,53473.0,148907583.0,3262977027,2024-11
2024-11-15,49694.0,46005.0,96075630.0,3276353073,2024-11
2024-11-16,34915.0,32763.0,50800160.0,3316590411,2024-11
2024-11-17,50044.0,45757.0,69280996.0,3325160359,2024-11
2024-11-18,60755.0,54936.0,83497376.0,3329226201,2024-11
2024-11-19,41496.0,37732.0,95076647.0,3396837570,2024-11
2024-11-20,52712.0,47256.0,112568272.0,3453704657,2024-11
2024-11-21,47160.0,41550.0,105999189.0,3512207391,2024-11
2024-11-22,28858.0,26440.0,70756371.0,3675120917,2024-11
2024-11-23,55865.0,51676.0,65338546.0,3692655735,2024-11
2024-11-24,48260.0,46075.0,59404017.0,3717085029,2024-11
2024-11-25,31916.0,29958.0,63434057.0,3701123014,2024-11
2024-11-26,444479.0,440013.0,102261297.0,3704662546,2024-11
2024-11-27,61440.0,54835.0,82879738.0,3729487071,2024-11
2024-11-28,128562.0,119802.0,,4015115833,2024-11
2024-11-29,58969.0,54407.0,136645368.0,4081839274,2024-11
2024-11-30,59649.0,55556.0,96305685.0,4141218645,2024-11
2024-12-01,69106.0,64557.0,94849288.0,4212416615,2024-12
2024-12-02,65116.0,60625.0,82573782.0,4243291275,2024-12
2024-12-03,51403.0,47457.0,102532451.0,4222932518,2024-12
2024-12-04,66122.0,61763.0,104096060.0,4254339717,2024-12
2024-12-05,94533.0,88149.0,145606816.0,4385058583,2024-12
2024-12-06,85746.0,79424.0,125144823.0,4390723885,2024-12
2024-12-07,72473.0,68654.0,112784367.0,4508066401,2024-12
2024-12-08,56546.0,53396.0,192940891.0,4510886952,2024-12
2024-12-09,51832.0,49533.0,107850124.0,4526672610,2024-12
2024-12-10,69946.0,65042.0,139678931.0,4464018423,2024-12
2024-12-11,90936.0,85440.0,224767842.0,4468845274,2024-12
2024-12-12,74631.0,68645.0,170277251.0,4728460381,2024-12
2024-12-13,68110.0,63382.0,123201572.0,4812328994,2024-12
2024-12-14,59646.0,55544.0,151164539.0,4853738684,2024-12
2024-12-15,78110.0,73506.0,162614913.0,4887090618,2024-12
2024-12-16,62513.0,58231.0,160236304.0,4965183316,2024-12
2024-12-17,66254.0,62164.0,161110933.0,4992344785,2024-12
2024-12-18,99319.0,92862.0,216709541.0,4999231141,2024-12
2024-12-19,107105.0,103383.0,219432165.0,4876577016,2024-12
2024-12-20,220720.0,207323.0,274408791.0,4818357302,2024-12
2024-12-21,154719.0,146976.0,187885736.0,4879315954,2024-12
2024-12-22,71830.0,67624.0,103685287.0,4834357345,2024-12
2024-12-23,100606.0,94898.0,122338305.0,4876733571,2024-12
2024-12-24,281609.0,271636.0,170921798.0,4975502705,2024-12
2024-12-25,127782.0,119122.0,275711220.0,5221642692,2024-12
2024-12-26,255730.0,241253.0,,5295523085,2024-12
2024-12-27,112579.0,102317.0,126602229.0,4381588895,2024-12
2024-12-28,89870.0,83621.0,83861329.0,4366524470,2024-12
2024-12-29,59684.0,55807.0,77333211.0,4431904170,2024-12
2024-12-30,77320.0,70092.0,105592710.0,4416444115,2024-12
2024-12-31,61664.0,55768.0,63982196.0,4423123759,2024-12
2025-01-01,51989.0,47321.0,54773237.0,4404667465,2025-01
2025-01-02,69063.0,61582.0,101700891.0,4303446862,2025-01
2025-01-03,95386.0,85745.0,120755754.0,4422606204,2025-01
2025-01-04,68586.0,62034.0,94071334.0,4553602507,2025-01
2025-01-05,115822.0,108070.0,189813063.0,4654271046,2025-01
2025-01-06,106083.0,97950.0,123761535.0,4787035469,2025-01
2025-01-07,108153.0,100245.0,108591382.0,4897901869,2025-01
2025-01-08,6078085.0,6071761.0,119747532.0,4812497462,2025-01
2025-01-09,109320.0,100105.0,191282886.0,4773027821,2025-01
2025-01-10,133137.0,119826.0,205799583.0,4867096566,2025-01
2025-01-11,86011.0,80182.0,122505512.0,4822499610,2025-01
2025-01-12,84225.0,76821.0,136645143.0,4829629750,2025-01
2025-01-13,93027.0,86234.0,152606511.0,4809385236,2025-01
2025-01-14,62838.0,57460.0,100958867.0,4800046350,2025-01
2025-01-15,75221.0,69134.0,130061029.0,4870789928,2025-01
2025-01-16,66432.0,61848.0,114027623.0,4939372183,2025-01
2025-01-17,114466.0,104738.0,177374437.0,4959385235,2025-01
2025-01-18,39176.0,34804.0,72188660.0,5147060773,2025-01
2025-01-19,54983.0,50286.0,82787995.0,5100204234,2025-01
2025-01-20,50471.0,45200.0,72597024.0,5060409861,2025-01
2025-01-21,56543.0,51764.0,78315347.0,5103345337,2025-01
2025-01-22,45747.0,41706.0,69969952.0,5175565706,2025-01
2025-01-23,100653.0,92544.0,88468537.0,5156183330,2025-01
2025-01-24,54235.0,49080.0,81165101.0,5234892347,2025-01
2025-01-25,58658.0,54367.0,61127780.0,5336557241,2025-01
2025-01-26,62342.0,57038.0,58773690.0,5352162774,2025-01
2025-01-27,75665.0,71358.0,101522188.0,5343760949,2025-01
2025-01-28,65745.0,60097.0,117039616.0,5310025651,2025-01
2025-01-29,475635.0,472448.0,64931518.0,5287553145,2025-01
2025-01-30,110741.0,102530.0,147710057.0,5348252613,2025-01
2025-01-31,48292.0,44215.0,63270479.0,5457738909,2025-01
2025-02-01,39662.0,36027.0,52118773.0,5491904256,2025-02
2025-02-02,61608.0,58003.0,68510636.0,5508307815,2025-02
2025-02-03,81140.0,75184.0,169728739.0,5296521210,2025-02
2025-02-04,243669.0,240367.0,53509898.0,5251103881,2025-02
2025-02-05,67298.0,61805.0,83563219.0,5187896968,2025-02
2025-02-06,78959.0,74323.0,98342768.0,5144485148,2025-02
2025-02-07,51284.0,47945.0,80519349.0,5110641776,2025-02
2025-02-08,30506.0,28401.0,53140100.0,5112842822,2025-02
2025-02-09,24555.0,22898.0,42044812.0,5089934147,2025-02
2025-02-10,28112.0,26556.0,32984506.0,5078996481,2025-02
2025-02-11,53539.0,50251.0,71654852.0,5132788762,2025-02
2025-02-12,23920.0,21873.0,56546550.0,5131413991,2025-02
2025-02-13,24094.0,21732.0,49127954.0,5205329686,2025-02
2025-02-14,27342.0,25130.0,48687154.0,5161925397,2025-02
2025-02-15,21305.0,19916.0,45703159.0,5188227051,2025-02
2025-02-16,26754.0,25318.0,50719087.0,5184529660,2025-02
2025-02-17,21773.0,20325.0,38059927.0,5166130272,2025-02
2025-02-18,35159.0,33712.0,90384188.0,5175575392,2025-02
2025-02-19,45560.0,43934.0,51360459.0,5208086909,2025-02
2025-02-20,37800.0,34824.0,80349384.0,5232869737,2025-02
2025-02-21,64365.0,58940.0,143591016.0,5292996849,2025-02
2025-02-22,32502.0,29525.0,64908314.0,5199764446,2025-02
2025-02-23,34309.0,31280.0,56229947.0,5287599881,2025-02
2025-02-24,55878.0,51236.0,114801032.0,5321069042,2025-02
2025-02-25,52044.0,47449.0,105788879.0,5193038405,2025-02
2025-02-26,30290.0,27467.0,68597964.0,5116601638,2025-02
2025-02-27,1172317.0,1167200.0,145837556.0,4991172167,2025-02
2025-02-28,174397.0,171584.0,75606608.0,4692563459,2025-02
2025-03-01,19538.0,17906.0,42626840.0,4653728701,2025-03
2025-03-02,17101.0,15480.0,44362633.0,4479662614,2025-03
2025-03-03,29406.0,27488.0,64418277.0,4613895998,2025-03
2025-03-04,37779.0,34949.0,84766188.0,4460217348,2025-03
2025-03-05,34881.0,32618.0,49234992.0,4478172326,2025-03
2025-03-06,33031.0,30958.0,58441397.0,4534033179,2025-03
2025-03-07,44565.0,42233.0,115259201.0,4536557111,2025-03
2025-03-08,34706.0,33231.0,107660949.0,4529233742,2025-03
2025-03-09,21189.0,19341.0,62812064.0,4607080691,2025-03
2025-03-10,25529.0,23543.0,81189441.0,4516031362,2025-03
2025-03-11,38135.0,35464.0,84832615.0,4498408350,2025-03
2025-03-12,19140.0,17005.0,56543418.0,4578663790,2025-03
2025-03-13,21609.0,19565.0,64713355.0,4573823765,2025-03
2025-03-14,18033.0,15460.0,54149257.0,4551256796,2025-03
2025-03-15,19424.0,17697.0,44215423.0,4641973328,2025-03
2025-03-16,17321.0,15222.0,46056271.0,4660357071,2025-03
2025-03-17,19799.0,18285.0,55371337.0,4649244514,2025-03
2025-03-18,36778.0,34773.0,59964735.0,4681145914,2025-03
2025-03-19,18243.0,16371.0,47131492.0,4684541710,2025-03
2025-03-20,23318.0,20715.0,64252635.0,4763801100,2025-03
2025-03-21,21052.0,19245.0,55798427.0,4721150363,2025-03
2025-03-22,12439.0,11090.0,44699246.0,4659340289,2025-03
2025-03-23,30350.0,28208.0,221381140.0,4694880972,2025-03
2025-03-24,44927.0,41992.0,115372470.0,4721744430,2025-03
2025-03-25,324870.0,322723.0,137230189.0,4769032330,2025-03
2025-03-26,178263.0,175637.0,425293852.0,4568604906,2025-03
2025-03-27,158883.0,153621.0,179520955.0,4352588284,2025-03
2025-03-28,41875.0,38355.0,95639694.0,3331449001,2025-03
2025-03-29,33055.0,31432.0,73474326.0,3053861506,2025-03
2025-03-30,25349.0,23730.0,61110811.0,3035013850,2025-03
2025-03-31,21129.0,19777.0,59093628.0,3041609048,2025-03
2025-04-01,29233.0,27710.0,42032481.0,3104361458,2025-04
2025-04-02,19785.0,18406.0,39052613.0,3152445098,2025-04
2025-04-03,28740.0,26780.0,91656403.0,3118271217,2025-04
2025-04-04,16966.0,15460.0,46193257.0,3161596108,2025-04
2025-04-05,10753.0,9985.0,31877696.0,3195662462,2025-04
2025-04-06,21720.0,20760.0,35499276.0,3189918268,2025-04
2025-04-07,22092.0,20500.0,141834542.0,3098539605,2025-04
2025-04-08,17226.0,16045.0,53259854.0,3079478762,2025-04
2025-04-09,22089.0,21079.0,104051827.0,3066837457,2025-04
2025-04-10,20287.0,18852.0,229654318.0,3129221464,2025-04
2025-04-11,12524.0,11151.0,132896734.0,2902474116,2025-04
2025-04-12,11224.0,10183.0,122519744.0,2895962961,2025-04
2025-04-13,10073.0,9315.0,133856821.0,2918592818,2025-04
2025-04-14,8986.0,8296.0,45630079.0,2910053308,2025-04
2025-04-15,8625.0,7794.0,66729608.0,2886055489,2025-04
2025-04-16,12063.0,11105.0,55361827.0,2867828448,2025-04
2025-04-17,12912.0,11837.0,40651719.0,2872030570,2025-04
2025-04-18,10384.0,9282.0,30337138.0,2857595516,2025-04
2025-04-19,7869.0,6953.0,66026396.0,2869967284,2025-04
2025-04-20,7066.0,6281.0,35877470.0,2867036277,2025-04
2025-04-21,12536.0,11769.0,46655913.0,2886255265,2025-04
2025-04-22,18100.0,16998.0,49267555.0,2892970121,2025-04
2025-04-23,552630.0,551286.0,97241879.0,2963840982,2025-04
2025-04-24,19141.0,17212.0,44357809.0,2974155996,2025-04
2025-04-25,19255.0,17847.0,33607808.0,2907297191,2025-04
2025-04-26,216398.0,215635.0,54838302.0,2911557678,2025-04
2025-04-27,7394.0,6816.0,33989246.0,2921831494,2025-04
2025-04-28,14959.0,14206.0,80985455.0,2911901023,2025-04
2025-04-29,43544.0,43062.0,51901126.0,2908731438,2025-04
2025-04-30,307214.0,305853.0,99935166.0,2932157703,2025-04
2025-05-01,18860.0,17723.0,97389909.0,4252798404,2025-05
2025-05-02,16955.0,15639.0,87545193.0,4345615797,2025-05
2025-05-03,7191.0,6522.0,325289891.0,4422220477,2025-05
2025-05-04,16490.0,15757.0,78506105.0,4403367784,2025-05
2025-05-05,16592.0,15116.0,124715478.0,4411348554,2025-05
2025-05-06,9926.0,9151.0,86607101.0,4447747670,2025-05
2025-05-07,13391.0,12579.0,377779013.0,4462454910,2025-05
2025-05-08,109246.0,107517.0,104560581.0,4506207981,2025-05
2025-05-09,39163.0,37511.0,135172019.0,3879802126,2025-05
2025-05-10,20743.0,19638.0,81360348.0,3809908096,2025-05
2025-05-11,25542.0,24656.0,58609616.0,3881797639,2025-05
2025-05-12,15338.0,14238.0,71398983.0,3905461365,2025-05
2025-05-13,,,90157318.0,4002547169,2025-05
2025-05-14,20988.0,19695.0,99443892.0,3984049486,2025-05
2025-05-15,18377.0,16819.0,70378403.0,3977473061,2025-05
2025-05-16,19780.0,18261.0,81615187.0,4035615616,2025-05
2025-05-17,18524.0,17682.0,80581363.0,4161820106,2025-05
2025-05-18,14790.0,13863.0,59915672.0,4182724443,2025-05
2025-05-19,26545.0,25188.0,65469090.0,4191645159,2025-05
2025-05-20,26923.0,25895.0,61046847.0,4232200152,2025-05
2025-05-21,34556.0,33051.0,159769938.0,4391658948,2025-05
2025-05-22,33809.0,32029.0,116347368.0,4415997290,2025-05
2025-05-23,26470.0,25197.0,84881885.0,4467475713,2025-05
2025-05-24,8978.0,8261.0,33106022.0,4478742046,2025-05
2025-05-25,16520.0,15598.0,42030935.0,4539402943,2025-05
2025-05-26,33863.0,32730.0,75183697.0,4539761428,2025-05
2025-05-27,2521552.0,2519138.0,155509928.0,4559499302,2025-05
2025-05-28,188866.0,186680.0,162519313.0,4650939120,2025-05
2025-05-29,115727.0,112310.0,241298430.0,4774381159,2025-05
2025-05-30,58279.0,56395.0,149625146.0,4154750268,2025-05
2025-05-31,59428.0,57382.0,185682558.0,4053452168,2025-05
2025-06-01,24589.0,23144.0,54008568.0,4416478819,2025-06
2025-06-02,30649.0,29032.0,63053603.0,4360486221,2025-06
2025-06-03,62109.0,60428.0,175628620.0,4442225485,2025-06
2025-06-04,29580.0,28231.0,77998963.0,4531645635,2025-06
2025-06-05,39134.0,37783.0,86153248.0,4617189379,2025-06
2025-06-06,116040.0,114575.0,96312655.0,4705193466,2025-06
2025-06-07,21364.0,20167.0,45498653.0,4787665982,2025-06
2025-06-08,29766.0,28882.0,35789271.0,4840170489,2025-06
2025-06-09,42209.0,41064.0,69580847.0,4880905117,2025-06
2025-06-10,38583.0,36604.0,89997659.0,5003325339,2025-06
2025-06-11,32337.0,31095.0,78651266.0,5057908725,2025-06
2025-06-12,21362.0,19933.0,72854103.0,5015302152,2025-06
2025-06-13,24587.0,23512.0,68535652.0,4997413173,2025-06
2025-06-14,14795.0,14156.0,36269741.0,4973514303,2025-06
2025-06-15,20859.0,20267.0,39116538.0,5033530368,2025-06
2025-06-16,33734.0,32541.0,79709187.0,5018641445,2025-06
2025-06-17,272192.0,271133.0,82688007.0,5094757384,2025-06
2025-06-18,28845.0,27805.0,54866309.0,5128274560,2025-06
2025-06-19,23795.0,22455.0,49144696.0,5164255042,2025-06
2025-06-20,857361.0,856007.0,68781276.0,4978005437,2025-06
2025-06-21,19636.0,19073.0,35794839.0,4970273041,2025-06
2025-06-22,18229.0,17565.0,40206770.0,4971133697,2025-06
2025-06-23,16108.0,15253.0,36610073.0,4899324733,2025-06
2025-06-24,214331.0,213398.0,58606441.0,5028297156,2025-06
2025-06-25,21527.0,20677.0,44233084.0,5038274686,2025-06
2025-06-26,320924.0,319675.0,60841104.0,5045551329,2025-06
2025-06-27,14939.0,14147.0,29093014.0,4962261544,2025-06
2025-06-28,14981.0,14520.0,15090967.0,4929860450,2025-06
2025-06-29,14767.0,14333.0,26449221.0,4926091742,2025-06
2025-06-30,21875.0,21462.0,30698993.0,4911522523,2025-06
2025-07-01,13065.0,12313.0,39418182.0,4889997285,2025-07
2025-07-02,22266.0,21588.0,51760823.0,4874857519,2025-07
2025-07-03,14447.0,13736.0,32367346.0,4918712492,2025-07
2025-07-04,10486.0,9913.0,24816810.0,4990961807,2025-07
2025-07-05,12625.0,12004.0,15269149.0,4980951939,2025-07
2025-07-06,9313.0,8920.0,17089658.0,5034557702,2025-07
2025-07-07,32234.0,31444.0,33732211.0,5066407776,2025-07
2025-07-08,44797.0,43640.0,53948508.0,5090810171,2025-07
2025-07-09,26782.0,25698.0,97621174.0,5091278394,2025-07
2025-07-10,31445.0,30209.0,98811165.0,5103120737,2025-07
2025-07-11,61094.0,59548.0,111407025.0,5155663836,2025-07
2025-07-12,35310.0,34343.0,67837020.0,5235626662,2025-07
2025-07-13,23091.0,22183.0,61672822.0,5144589570,2025-07
2025-07-14,40719.0,39722.0,83638528.0,5200269414,2025-07
2025-07-15,24310.0,23408.0,48876286.0,5249521624,2025-07
2025-07-16,27181.0,26210.0,111295994.0,5314582734,2025-07
2025-07-17,52606.0,50077.0,183438401.0,5393675424,2025-07
2025-07-18,48509.0,46696.0,156774517.0,5401940509,2025-07
2025-07-19,46821.0,45961.0,104342605.0,5495800373,2025-07
2025-07-20,50613.0,48893.0,110588620.0,5508075343,2025-07
2025-07-21,43325.0,40625.0,168865761.0,5640366792,2025-07
2025-07-22,118120.0,114665.0,271179821.0,5700660046,2025-07
2025-07-23,81204.0,78680.0,240175431.0,5900710284,2025-07
2025-07-24,57822.0,55397.0,235299920.0,6017642425,2025-07
2025-07-25,262194.0,258973.0,204827482.0,6239610157,2025-07
2025-07-26,48107.0,45606.0,180130171.0,6423512433,2025-07
2025-07-27,124604.0,120769.0,336425061.0,6491642860,2025-07
2025-07-28,62605.0,60108.0,183007446.0,6758057384,2025-07
2025-07-29,65933.0,63047.0,219074655.0,6756686845,2025-07
2025-07-30,619682.0,614947.0,234574554.0,6754245983,2025-07
2025-07-31,203750.0,193961.0,507986094.0,6827448720,2025-07
2025-08-01,127241.0,122264.0,232453028.0,6637697097,2025-08
2025-08-02,59813.0,57255.0,124316681.0,6711554246,2025-08
2025-08-03,49731.0,46826.0,175984709.0,6871493301,2025-08
2025-08-04,83778.0,80867.0,144678047.0,7034674514,2025-08
2025-08-05,62082.0,57965.0,115623722.0,7033734032,2025-08
2025-08-06,90858.0,86760.0,202733524.0,7072075527,2025-08
2025-08-07,112842.0,105711.0,144697544.0,7456161039,2025-08
2025-08-08,98821.0,90415.0,150367804.0,7758058570,2025-08
2025-08-09,115497.0,108830.0,320409576.0,7860944486,2025-08
2025-08-10,71325.0,65294.0,191758643.0,8370800044,2025-08
2025-08-11,132338.0,121859.0,361252035.0,8509165143,2025-08
2025-08-12,135460.0,124767.0,435715731.0,8406041604,2025-08
2025-08-13,142769.0,132053.0,257580414.0,8914151328,2025-08
2025-08-14,152599.0,142405.0,346019609.0,8872384967,2025-08
2025-08-15,438404.0,431683.0,199936384.0,8657797446,2025-08
2025-08-16,59033.0,55524.0,95764840.0,9091894822,2025-08
2025-08-17,60276.0,56258.0,72704277.0,9199011151,2025-08
2025-08-18,88207.0,82673.0,185373275.0,9244498387,2025-08
2025-08-19,82630.0,77075.0,120746251.0,9434073149,2025-08
2025-08-20,79249.0,71644.0,125406742.0,9559247095,2025-08
2025-08-21,81384.0,74615.0,69060080.0,9811544161,2025-08
2025-08-22,1086756.0,1080152.0,133190976.0,9891019266,2025-08
2025-08-23,63618.0,59421.0,157799397.0,10095308568,2025-08
2025-08-24,70255.0,66522.0,90128054.0,10256978639,2025-08
2025-08-25,53648.0,49260.0,85971168.0,10301835651,2025-08
2025-08-26,92154.0,87218.0,126679838.0,10261770882,2025-08
2025-08-27,635469.0,630294.0,105990750.0,10496048750,2025-08
2025-08-28,117312.0,111847.0,126020804.0,10546907071,2025-08
2025-08-29,58465.0,53935.0,141662102.0,10553471310,2025-08
2025-08-30,54780.0,52420.0,60862857.0,10502413586,2025-08
2025-08-31,60403.0,57925.0,89464085.0,10567721103,2025-08
2025-09-01,59401.0,56069.0,122589833.0,10604837791,2025-09
2025-09-02,106330.0,99957.0,220247938.0,10652593010,2025-09
2025-09-03,96632.0,91088.0,244825973.0,10782303158,2025-09
2025-09-04,135671.0,127074.0,291283506.0,10978039289,2025-09
2025-09-05,85674.0,78723.0,243032467.0,11125179447,2025-09
2025-09-06,90326.0,83336.0,275248754.0,11273681979,2025-09
2025-09-07,63478.0,60421.0,75865315.0,11376539953,2025-09
2025-09-08,75076.0,68574.0,218328581.0,11436609503,2025-09
2025-09-09,98192.0,90681.0,249166319.0,11652178326,2025-09
2025-09-10,82520.0,76064.0,213207194.0,11853294743,2025-09
2025-09-11,120320.0,112278.0,218618468.0,12050699889,2025-09
2025-09-12,101027.0,93889.0,277674849.0,12256005972,2025-09
2025-09-13,75588.0,70122.0,249745919.0,12463964423,2025-09
2025-09-14,54773.0,50717.0,149236229.0,12672209072,2025-09
2025-09-15,102640.0,93826.0,330677355.0,12677146832,2025-09
2025-09-16,105946.0,99263.0,337989361.0,12854465911,2025-09
2025-09-17,449596.0,444414.0,230747392.0,13077445364,2025-09
2025-09-18,247717.0,237689.0,517199677.0,13114370761,2025-09
2025-09-19,113405.0,106712.0,315578493.0,13386295280,2025-09
2025-09-20,80202.0,75242.0,215583603.0,13375068617,2025-09
2025-09-21,69431.0,65093.0,204554856.0,13228918284,2025-09
2025-09-22,90519.0,85195.0,401019526.0,13083616015,2025-09
2025-09-23,84235.0,78948.0,739788980.0,12794062551,2025-09
2025-09-24,336363.0,329376.0,121523615.0,12238024407,2025-09
2025-09-25,288995.0,274475.0,468935528.0,10215473013,2025-09
2025-09-26,171459.0,159298.0,268398155.0,6834215340,2025-09
2025-09-27,87128.0,77275.0,189447885.0,6716308551,2025-09
2025-09-28,77492.0,69950.0,191598453.0,6595210622,2025-09
2025-09-29,129829.0,118213.0,222766414.0,6669451030,2025-09
2025-09-30,144102.0,128518.0,365911746.0,6601956892,2025-09
2025-10-01,101519.0,94746.0,200004638.0,6507166314,2025-10
2025-10-02,140632.0,125694.0,290449838.0,6581228948,2025-10
2025-10-03,92557.0,81556.0,160144881.0,6427614922,2025-10
2025-10-04,89720.0,80167.0,124233228.0,6889366198,2025-10
2025-10-05,56421.0,51103.0,81469441.0,6931964261,2025-10
2025-10-06,113242.0,102781.0,193470347.0,6882709405,2025-10
2025-10-07,106592.0,96961.0,202931907.0,6976932518,2025-10
2025-10-08,81538.0,74466.0,127193327.0,6943360836,2025-10
2025-10-09,73500.0,66908.0,91187692.0,7027976538,2025-10
2025-10-10,88665.0,81880.0,134574009.0,6999213042,2025-10
2025-10-11,139360.0,132003.0,241416109.0,6694672775,2025-10
2025-10-12,49539.0,45577.0,107451211.0,6461094393,2025-10
2025-10-13,71332.0,66404.0,77596245.0,6540249394,2025-10
2025-10-14,689254.0,682617.0,229429604.0,6592144284,2025-10
2025-10-15,83552.0,79725.0,80102409.0,6494826931,2025-10
2025-10-16,64971.0,59489.0,104140145.0,6370176478,2025-10
2025-10-17,42562.0,38878.0,117593380.0,6295570076,2025-10
2025-10-18,37521.0,35105.0,48166424.0,6235178365,2025-10
2025-10-19,48739.0,46340.0,45622306.0,6155099739,2025-10
2025-10-20,50175.0,46692.0,91090825.0,6301941139,2025-10
2025-10-21,35797.0,33310.0,57959832.0,6615840460,2025-10
2025-10-22,43648.0,40864.0,83332976.0,6625856302,2025-10
2025-10-23,92832.0,89059.0,118184111.0,6637398460,2025-10
2025-10-24,46711.0,43196.0,96944324.0,6650954943,2025-10
2025-10-25,25134.0,23074.0,43023604.0,6653945300,2025-10
2025-10-26,38711.0,36312.0,42203284.0,6776927359,2025-10
2025-10-27,58043.0,54830.0,100583766.0,6932036230,2025-10
2025-10-28,54390.0,52207.0,89393379.0,7057114915,2025-10
2025-10-29,918667.0,915288.0,141667290.0,7212321014,2025-10
2025-10-30,55323.0,52248.0,118581291.0,7205769591,2025-10
2025-10-31,44622.0,41843.0,113220385.0,6997324716,2025-10
2025-11-01,19158.0,17505.0,60649090.0,6940735205,2025-11
2025-11-02,42422.0,41280.0,32728300.0,6917464371,2025-11
2025-11-03,49599.0,46859.0,87787498.0,6903487089,2025-11
2025-11-04,81785.0,73940.0,330237024.0,6595781678,2025-11
2025-11-05,60849.0,56763.0,135333612.0,6513711937,2025-11
2025-11-06,38814.0,35829.0,70106803.0,6283662364,2025-11
2025-11-07,67119.0,63148.0,106349260.0,6175110221,2025-11
2025-11-08,81077.0,78814.0,61927909.0,6143151356,2025-11
2025-11-09,26539.0,24707.0,51515074.0,5998287193,2025-11
2025-11-10,52380.0,47906.0,155866949.0,6004687736,2025-11
2025-11-11,59340.0,55444.0,228661397.0,5771373826,2025-11
2025-11-12,44672.0,42685.0,59248183.0,5698000948,2025-11
2025-11-13,46670.0,44245.0,62767324.0,5622700526,2025-11
2025-11-14,40066.0,38405.0,39386739.0,5141956358,2025-11
2025-11-15,14317.0,13302.0,49434750.0,5077507525,2025-11
2025-11-16,14719.0,13977.0,26594953.0,5051989274,2025-11
2025-11-17,77469.0,75038.0,49479700.0,5049577152,2025-11
2025-11-18,55241.0,52177.0,65345665.0,4983044103,2025-11
2025-11-19,47192.0,45088.0,50505233.0,4916576191,2025-11
2025-11-20,76804.0,71999.0,81429286.0,4853725112,2025-11
2025-11-21,41896.0,39655.0,65209784.0,4594717575,2025-11
2025-11-22,25542.0,23862.0,47088216.0,4505568745,2025-11
2025-11-23,32199.0,31310.0,24746232.0,4468485027,2025-11
2025-11-24,41715.0,37950.0,60519506.0,4474054922,2025-11
2025-11-25,42856.0,39559.0,77060240.0,4443108378,2025-11
2025-11-26,631103.0,629130.0,86285312.0,4570918143,2025-11
2025-11-27,120832.0,119177.0,81768052.0,4483968649,2025-11
2025-11-28,59324.0,57092.0,70465438.0,3849623159,2025-11
2025-11-29,35096.0,34053.0,35646067.0,3635600962,2025-11
2025-11-30,15983.0,15221.0,26520360.0,3463142879,2025-11
2025-12-01,53823.0,49961.0,71025347.0,3402322347,2025-12
2025-12-02,19894.0,18859.0,42432154.0,3420736469,2025-12
2025-12-03,18496.0,17476.0,32584388.0,3571469202,2025-12
2025-12-04,28832.0,27392.0,46463584.0,3602519190,2025-12
2025-12-05,18413.0,17442.0,34958717.0,3563541393,2025-12
2025-12-06,14898.0,14025.0,30950346.0,3592031406,2025-12
2025-12-07,17058.0,16273.0,29200041.0,3618496228,2025-12
2025-12-08,26500.0,23944.0,60265418.0,3626975975,2025-12
2025-12-09,29133.0,28001.0,75765055.0,3663428139,2025-12
2025-12-10,19532.0,18758.0,30590298.0,3719862901,2025-12
2025-12-11,29705.0,28062.0,61941699.0,3760066701,2025-12
2025-12-12,23285.0,22153.0,30648132.0,3705805538,2025-12
2025-12-13,6297.0,5981.0,16855913.0,3707885826,2025-12
2025-12-14,8566.0,8136.0,20515191.0,3700464869,2025-12
2025-12-15,36635.0,36125.0,41559860.0,3687865412,2025-12
2025-12-16,14981.0,14536.0,34070697.0,3695544248,2025-12
2025-12-17,22687.0,22242.0,14432124.0,3669337701,2025-12
2025-12-18,23286.0,22783.0,31647740.0,3705312268,2025-12
2025-12-19,25757.0,25256.0,22520522.0,3598646516,2025-12
2025-12-20,9773.0,9529.0,8543588.0,3612063338,2025-12
2025-12-21,11368.0,11155.0,12292892.0,3669537146,2025-12
2025-12-22,22320.0,21814.0,35715431.0,3673366320,2025-12
2025-12-23,18325.0,17263.0,51988971.0,3654936893,2025-12
2025-12-24,386809.0,386405.0,13055453.0,3730757632,2025-12
2025-12-25,10470.0,10111.0,12399541.0,3752247305,2025-12
2025-12-26,7309.0,6984.0,11489736.0,3741211979,2025-12
2025-12-27,10146.0,9903.0,11754272.0,3761862861,2025-12
2025-12-28,9932.0,9695.0,10349364.0,3708428429,2025-12
2025-12-29,29706.0,29442.0,10659069.0,3745639503,2025-12
2025-12-30,14935.0,14424.0,27534110.0,3722033870,2025-12
2025-12-31,10340.0,9856.0,19306449.0,3733733489,2025-12
2026-01-01,13282.0,13004.0,18437857.0,3685614556,2026-01
2026-01-02,30925.0,30463.0,22648022.0,3692925758,2026-01
2026-01-03,9856.0,9523.0,11388944.0,3753018963,2026-01
2026-01-04,15253.0,14895.0,10123799.0,3772261377,2026-01
2026-01-05,17397.0,16381.0,29321109.0,3738574436,2026-01
2026-01-06,29426.0,28686.0,25861597.0,3767276910,2026-01
2026-01-07,33491.0,32817.0,32717999.0,3724533292,2026-01
2026-01-08,35850.0,35523.0,22382570.0,3802880392,2026-01
2026-01-09,18875.0,18614.0,37814789.0,3789943669,2026-01
2026-01-10,15764.0,15508.0,27727710.0,3823475916,2026-01
2026-01-11,12680.0,12405.0,17051344.0,3815234924,2026-01
2026-01-12,18580.0,18208.0,25869852.0,3878841460,2026-01
2026-01-13,29541.0,28989.0,32438790.0,3822323050,2026-01
2026-01-14,42566.0,42096.0,26610454.0,3798567861,2026-01
2026-01-15,50172.0,49623.0,23290123.0,3777288918,2026-01
2026-01-16,21958.0,21380.0,30536210.0,3448745662,2026-01
2026-01-17,29425.0,29220.0,11666156.0,3485616992,2026-01
2026-01-18,150064.0,149887.0,24515830.0,3490553412,2026-01
2026-01-19,12626.0,12372.0,26527734.0,3473594284,2026-01
2026-01-20,32331.0,31851.0,40605014.0,3494952241,2026-01
2026-01-21,19394.0,19090.0,23256058.0,3421301667,2026-01
2026-01-22,21521.0,21212.0,21592638.0,3436419103,2026-01
2026-01-23,12551.0,12197.0,27315482.0,3448451040,2026-01
2026-01-24,14070.0,13887.0,16919747.0,3433860344,2026-01
2026-01-25,14913.0,14717.0,15160633.0,3485730587,2026-01
2026-01-26,10139.0,9974.0,30395727.0,3463172564,2026-01
2026-01-27,25144.0,24658.0,33622952.0,3434831092,2026-01
2026-01-28,276256.0,275411.0,37197533.0,3460093122,2026-01
2026-01-29,67636.0,66622.0,49224067.0,3395501439,2026-01
2026-01-30,28737.0,28087.0,18254476.0,3162190894,2026-01
2026-01-31,36272.0,35584.0,17699949.0,3096886826,2026-01
2026-02-01,15124.0,14778.0,12932250.0,2915400094,2026-02
2026-02-02,12769.0,12369.0,18825468.0,2880394706,2026-02
2026-02-03,8009.0,7659.0,50787962.0,2855683336,2026-02
2026-02-04,11750.0,11349.0,35933251.0,2875128323,2026-02
2026-02-05,38505.0,37817.0,28089110.0,2674249727,2026-02
2026-02-06,15272.0,14457.0,27510370.0,2337095328,2026-02
2026-02-07,12087.0,11622.0,17269609.0,2308407541,2026-02
2026-02-08,5460.0,5092.0,11747993.0,2378215825,2026-02
2026-02-09,129874.0,129418.0,20855904.0,2369808024,2026-02
2026-02-10,11146.0,10793.0,22903208.0,2414979307,2026-02
2026-02-11,11830.0,11536.0,20852776.0,2463454454,2026-02
2026-02-12,23901.0,23290.0,71976533.0,2448683782,2026-02
2026-02-13,11841.0,11282.0,57379496.0,2505889643,2026-02
2026-02-14,5633.0,5353.0,24319308.0,2512759614,2026-02
2026-02-15,4849.0,4718.0,7031769.0,2535006427,2026-02
2026-02-16,23563.0,23288.0,63904851.0,2548953093,2026-02
2026-02-17,7645.0,7465.0,24189766.0,2563476193,2026-02
2026-02-18,10044.0,9851.0,15487369.0,2572414849,2026-02
2026-02-19,28006.0,27529.0,16626634.0,2505676117,2026-02
2026-02-20,34792.0,34511.0,9030698.0,2338779789,2026-02
2026-02-21,7280.0,7077.0,5860015.0,2311929086,2026-02
2026-02-22,11185.0,11027.0,8549119.0,2306433942,2026-02
2026-02-23,83851.0,83481.0,6651668.0,2298843059,2026-02
2026-02-24,10149.0,9840.0,13236411.0,2283607359,2026-02
2026-02-25,12273.0,12061.0,5918004.0,2254912832,2026-02
2026-02-26,17414.0,17049.0,21449061.0,2270740049,2026-02
2026-02-27,21678.0,21038.0,20623505.0,2259215763,2026-02
2026-02-28,6244.0,6086.0,5566903.0,2260382218,2026-02
2026-03-01,7515.0,7332.0,6341888.0,2258087489,2026-03
2026-03-02,6366.0,6135.0,5944561.0,2219337813,2026-03
2026-03-03,9950.0,9652.0,15529921.0,2216123169,2026-03
2026-03-04,7738.0,7510.0,6838564.0,2207812454,2026-03
2026-03-05,28236.0,27939.0,8361138.0,2219731886,2026-03
2026-03-06,10578.0,10353.0,8774711.0,2184345633,2026-03
2026-03-07,11240.0,10952.0,6696081.0,2182810683,2026-03
2026-03-08,13214.0,13011.0,3639183.0,2149598649,2026-03
2026-03-09,143211.0,142904.0,14709420.0,2145797926,2026-03
2026-03-10,12324.0,12042.0,8043522.0,2118770772,2026-03
2026-03-11,13625.0,13052.0,24009392.0,2101422448,2026-03
2026-03-12,7990.0,7681.0,12453132.0,2179728020,2026-03
2026-03-13,11619.0,11390.0,46275988.0,2204343926,2026-03
2026-03-14,9422.0,9172.0,18157034.0,2204719239,2026-03
2026-03-15,7918.0,7735.0,24739419.0,2203812585,2026-03
2026-03-16,12510.0,12181.0,18507679.0,2248708494,2026-03
2026-03-17,9850.0,9413.0,18070468.0,2261273345,2026-03
2026-03-18,15731.0,15357.0,17147309.0,2265410798,2026-03
2026-03-19,27580.0,27010.0,35541897.0,2274637790,2026-03
2026-03-20,17954.0,17524.0,28655909.0,2265055159,2026-03
2026-03-21,6716.0,6545.0,8359060.0,2215895870,2026-03
2026-03-22,7039.0,6767.0,7988617.0,2210539243,2026-03
2026-03-23,55864.0,55624.0,10691366.0,2162541846,2026-03
2026-03-24,13252.0,12959.0,39628376.0,2169212459,2026-03
2026-03-25,32475.0,32232.0,14026028.0,2132246353,2026-03
2026-03-26,10189.0,9972.0,19437646.0,2124271253,2026-03
2026-03-27,7632.0,7490.0,6705196.0,2058616229,2026-03
2026-03-28,10674.0,10473.0,6746922.0,2095893533,2026-03
2026-03-29,7735.0,7603.0,3993346.0,2084019820,2026-03
2026-03-30,12347.0,12197.0,5452912.0,2079564197,2026-03
2026-03-31,12048.0,11869.0,15961299.0,2070918575,2026-03
2026-04-01,11795.0,11604.0,10915124.0,2071794804,2026-04
2026-04-02,20990.0,20639.0,19631876.0,2057691692,2026-04
2026-04-03,10346.0,10199.0,5281493.0,2004540509,2026-04
2026-04-04,11202.0,11048.0,11288422.0,1926548731,2026-04
2026-04-05,4830.0,4594.0,7949481.0,1927584653,2026-04
2026-04-06,96334.0,96133.0,13690542.0,1928994251,2026-04
2026-04-07,17181.0,16969.0,14888669.0,1934474499,2026-04
2026-04-07,17181.0,16969.0,14888669.0,1938725265,2026-04
